wetland,station,sitecode,event,date,fluxrate,wl_cm,wl_delta1,wl_change1,wl_delta7,wl_change7,air_temp_C,DEWP,STP_kPa,precip_mm,snow_mm,RH,water_temp_C,precip_sum2,precip_sum3,precip_sum4,ice_cover,soil_temp,vwc,dist_m,rel_elev_m,afp,wfps,wfps_interp,inundated,log_flux,cuberoot,flux_cat
BB,SC-A,BB SC-A,01,2017-10-17,3.35982127,-5.21400579860122,-2.2404593722526203,falling,-0.8906769217500496,falling,9.6,3.2,2.42,0.8,NA,64.4,13.882000000000001,3.8,4.3,5.8,NA,NA,NA,-5.7212173827321635,0.0030479999999999353,NA,NA,69.91136900055602,FALSE,1.2266598764320542,1.4977479197076822,non-inundated source
BB,SC-B,BB SC-B,01,2017-10-17,0.39314368,-8.893470332271699,-2.291729780177839,falling,-1.1556869223651987,falling,9.6,3.2,2.42,0.8,NA,64.4,13.882000000000001,3.8,4.3,5.8,NA,NA,NA,-4.847153860211458,0.05791200000000012,NA,NA,68.56959939336768,FALSE,-0.8138612274361525,0.7325721983451148,non-inundated source
BB,SC-C,BB SC-C,01,2017-10-17,0.00654592,-23.337676080682098,-2.331606764119698,falling,-1.361805811732598,falling,9.6,3.2,2.42,0.8,NA,64.4,13.882000000000001,3.8,4.3,5.8,NA,NA,NA,-2.99,0.216408,NA,NA,63.3023122389896,FALSE,-2.872702227563953,0.18706400622870245,non-inundated source
BB,SC-D,BB SC-D,01,2017-10-17,-9.41e-4,-37.3730524364624,-2.365787036069804,falling,-1.5384791454760034,falling,9.6,3.2,2.42,0.8,NA,64.4,13.882000000000001,3.8,4.3,5.8,NA,NA,NA,-1.1253745005609128,0.368808,NA,NA,58.184110596521364,FALSE,-3.0147316235637738,-0.0979933356567658,non-inundated sink
BB,SC-E,BB SC-E,01,2017-10-17,-7.39e-4,-52.538175755393,-2.4284508679784977,falling,-1.862380257338998,falling,9.6,3.2,2.42,0.8,NA,64.4,13.882000000000001,3.8,4.3,5.8,NA,NA,NA,3.0280801384973466,0.5425440000000001,NA,NA,52.653930492215295,FALSE,-3.0106225860491866,-0.09040965516734964,non-inundated sink
BB,SC-C,BB SC-C,02,2017-11-01,0.02697485,-6.26392900666979,-0.15771823672007024,falling,26.508276495443106,rising,11.8,8.3,2.32,0,NA,79.1,15.356000000000002,0,49.5,49.8,NA,NA,NA,-2.99,0.216408,NA,NA,71.24994045318063,FALSE,-2.5642765338581093,0.29990682291495074,non-inundated source
BB,SC-D,BB SC-D,02,2017-11-01,-9.43e-4,-19.8984180185308,-0.798546874763101,falling,26.975845677700395,rising,11.8,8.3,2.32,0,NA,79.1,15.356000000000002,0,49.5,49.8,NA,NA,NA,-1.1253745005609128,0.368808,NA,NA,66.27792814045183,FALSE,-3.0147723916342266,-0.09806271149279336,non-inundated sink
BB,SC-E,BB SC-E,02,2017-11-01,0.01197855,-34.3285812069425,-1.973399377842,falling,27.833055845172304,rising,11.8,8.3,2.32,0,NA,79.1,15.356000000000002,0,49.5,49.8,NA,NA,NA,3.0280801384973466,0.5425440000000001,NA,NA,61.015761807334826,FALSE,-2.780966921539627,0.22880635537059896,non-inundated source
BB,wetland_well,center,02,2017-11-01,0.4864831488,18.97091039998595,-1.5746868712855004,falling,29.8178304506284,rising,11.8,8.3,2.32,0,NA,79.1,15.356000000000002,0,49.5,49.8,FALSE,NA,NA,NA,NA,NA,NA,NA,TRUE,-0.6227201269107305,0.7864828686120714,inundated
BB,SC-D,BB SC-D,03,2017-11-28,0.35159004,-4.29402188952124,-0.4231785567500497,falling,-1.2368593263649994,falling,7.4,2.8,2.5600000000000005,0,NA,72.6,12.408000000000001,0,0,0,NA,14.2,68.3,-1.1253745005609128,0.368808,0.2502490866323006,73.18517743903257,NA,FALSE,-0.9123235117089753,0.7057954504291574,non-inundated source
BB,SC-E,BB SC-E,03,2017-11-28,-0.0016025,-21.363843475453102,-0.6590722645155012,falling,-2.359511297119102,falling,7.4,2.8,2.5600000000000005,0,NA,72.6,12.408000000000001,0,0,0,NA,13.1,56.8,3.0280801384973466,0.5425440000000001,0.339078391138248,62.6186232137274,NA,FALSE,-3.0283071194861697,-0.11702159486461708,non-inundated sink
BB,wetland_well,center,03,2017-11-28,1.3718486889000001,32.8945727168564,-0.6659974435808493,falling,-2.4029329018153973,falling,7.4,2.8,2.5600000000000005,0,NA,72.6,12.408000000000001,0,0,0,FALSE,NA,NA,NA,NA,NA,NA,NA,TRUE,0.3519579184760776,1.1111398859985395,inundated
BB,SC-E,BB SC-E,04,2018-01-17,-0.0022328,-7.34912536117547,-0.6885887883405495,falling,16.79131298212063,rising,-0.2,-1.2,2.49,2.5,30.5,93,7.316,2.5,2.5,2.5,NA,3.125,54.1,3.0280801384973466,0.5425440000000001,0.3660783911382479,59.642033729976276,NA,FALSE,-3.0414160674911535,-0.1307023133805742,non-inundated sink
BB,SC-E,BB SC-E,05,2018-02-08,-2.29e-4,0.9503211308522941,2.7808954220064943,rising,4.846240871105234,rising,0.4,-5.3,2.42,9.4,NA,65.6,7.718,10.200000000000001,10.200000000000001,14.3,NA,8.9,66.98333333333333,3.0280801384973466,0.5425440000000001,0.23407839113824802,74.19424898387068,NA,TRUE,-3.0003227938883685,-0.061180331726366215,non-inundated sink
BB,SC-E,BB SC-E,06,2018-03-08,0.0036114,1.33104622033092,-0.35646604627523004,falling,2.171591152519401,rising,3.1,-4.1,0.76,14.2,NA,59.2,9.527000000000001,34,34,34,NA,12.7,68.3,3.0280801384973466,0.5425440000000001,0.224078391138248,75.29668953340813,NA,TRUE,-2.925993546952798,0.1534234924502081,non-inundated source
BB,wetland_well,center,06,2018-03-08,1.22166284535,59.5975890659226,-0.9930939777778036,falling,3.5886236449073508,rising,3.1,-4.1,0.76,14.2,NA,59.2,9.527000000000001,34,34,34,FALSE,NA,NA,NA,NA,NA,NA,NA,TRUE,0.24032537109656116,1.0690149741520483,inundated
BB,SC-E,BB SC-E,07,2018-04-11,0.00396565,-2.06575799181531,-0.14710339919594984,falling,-1.081689857998414,falling,5.1,-3.3,2.06,0,NA,54.6,10.867,0,0,0,NA,18.166666666666664,68.3,3.0280801384973466,0.5425440000000001,0.224078391138248,75.29668953340813,NA,FALSE,-2.9194075459334856,0.1582844047029724,non-inundated source
BB,wetland_well,center,07,2018-04-11,2.13693429015,54.4058569997189,-0.20369615138890396,falling,-1.4144897270833496,falling,5.1,-3.3,2.06,0,NA,54.6,10.867,0,0,0,FALSE,NA,NA,NA,NA,NA,NA,NA,TRUE,0.782500695587101,1.288043081819553,inundated
BB,SC-E,BB SC-E,08,2018-05-02,0.0406038,-2.62325804370565,-0.64214230769623,falling,-2.906765555697127,falling,21.7,6.2,1.87,0,NA,36.6,21.989,0,0,4.3,NA,39.2,68.26666666666667,3.0280801384973466,0.5425440000000001,0.22441172447158098,75.25994151509025,NA,FALSE,-2.4012591242079133,0.34370740849712667,non-inundated source
BB,wetland_well,center,08,2018-05-02,2.0560513405500003,53.71896227749675,-0.8159176277777433,falling,-3.7544107611110533,falling,21.7,6.2,1.87,0,NA,36.6,21.989,0,0,4.3,FALSE,NA,NA,NA,NA,NA,NA,NA,TRUE,0.7448147916435095,1.2715828200380477,inundated
BB,SC-D,BB SC-D,09,2018-06-26,0.54482357,-3.66726618021564,-1.0259423741959801,falling,-1.08878890231209,falling,21.7,16.3,2.1,0,NA,71.4,21.989,0,0,3.6,NA,25.1,68.3,-1.1253745005609128,0.368808,0.2502490866323006,73.18517743903257,NA,FALSE,-0.5194904384159572,0.8167427647169085,non-inundated source
BB,SC-E,BB SC-E,09,2018-06-26,0.04987958,-14.4867032356927,-3.8744876662021994,falling,0.918275694175902,rising,21.7,16.3,2.1,0,NA,71.4,21.989,0,0,3.6,NA,25.466666666666665,61.93333333333333,3.0280801384973466,0.5425440000000001,0.2877450578049149,68.2778180346863,NA,FALSE,-2.303790018625461,0.3681071580657834,non-inundated source
BB,wetland_well,center,09,2018-06-26,4.824318181050001,39.80157232819115,-4.025521734722247,falling,0.789380122916647,rising,21.7,16.3,2.1,0,NA,71.4,21.989,0,0,3.6,FALSE,NA,NA,NA,NA,NA,NA,NA,TRUE,1.5839802343710112,1.6897092483309823,inundated
BB,SC-C,BB SC-C,10,2018-07-22,0.02192703,-3.04961904064907,36.67338747175173,rising,39.177489575406625,rising,23.9,21.9,0.6900000000000001,0.5,NA,88.6,23.463,18.8,18.8,18.8,NA,25.533333333333335,68.3,-2.99,0.216408,NA,NA,73.53458067129739,FALSE,-2.6321031460985282,0.27989379475498527,non-inundated source
BB,SC-D,BB SC-D,10,2018-07-22,-0.0101664,-12.0384617801317,41.1042322560125,rising,43.677877325603106,rising,23.9,21.9,0.6900000000000001,0.5,NA,88.6,23.463,18.8,18.8,18.8,NA,25.633333333333333,43.666666666666664,-1.1253745005609128,0.368808,NA,NA,70.2566700184661,FALSE,-3.22304450174042,-0.2166318944855621,non-inundated sink
BB,SC-E,BB SC-E,10,2018-07-22,-0.001876,-17.9516068025165,49.2274476938239,rising,51.9285882009633,rising,23.9,21.9,0.6900000000000001,0.5,NA,88.6,23.463,18.8,18.8,18.8,NA,25.9,51.86666666666667,3.0280801384973466,0.5425440000000001,NA,NA,68.10035672849445,FALSE,-3.033974265810859,-0.12333252170555899,non-inundated sink
BB,wetland_well,center,10,2018-07-22,1.23567245145,32.9194360191634,50.5465644125,rising,53.0680522576389,rising,23.9,21.9,0.6900000000000001,0.5,NA,88.6,23.463,18.8,18.8,18.8,FALSE,NA,NA,NA,NA,NA,NA,NA,TRUE,0.2512818899904305,1.07308581698277,inundated
BB,SC-A,BB SC-A,11,2018-09-05,-3.9e-4,-38.1905420525455,-8.095534540587405,falling,-22.621842909174404,falling,28,23.7,2.15,0,NA,77.5,26.21,0,0.5,0.8,NA,32.2,64.76666666666667,-5.7212173827321635,0.0030479999999999353,0.3198649884056518,66.94010095393278,NA,FALSE,-3.0035628526691793,-0.07306143574062804,non-inundated sink
BB,SC-B,BB SC-B,11,2018-09-05,-0.0036538,-39.7099584856888,-7.009015336607298,falling,-20.285987156264003,falling,28,23.7,2.15,0,NA,77.5,26.21,0,0.5,0.8,NA,31.2,59.266666666666666,-4.847153860211458,0.05791200000000012,0.3446383564386163,63.23092825248792,NA,FALSE,-3.0716159752287373,-0.1540215857750469,non-inundated sink
BB,SC-C,BB SC-C,11,2018-09-05,-0.006331,-52.47412682257801,-6.163944844622705,falling,-18.46921045955591,falling,28,23.7,2.15,0,NA,77.5,26.21,0,0.5,0.8,NA,30.8,51.46666666666667,-2.99,0.216408,0.392411724471581,56.738940282861016,NA,FALSE,-3.131116810762196,-0.18499391263144987,non-inundated sink
BB,SC-D,BB SC-D,11,2018-09-05,-0.0022239,-65.0694711113402,-5.439598708635906,falling,-16.911973290949007,falling,28,23.7,2.15,0,NA,77.5,26.21,0,0.5,0.8,NA,30.7,40.666666666666664,-1.1253745005609128,0.368808,0.5265824199656335,43.5753618719472,NA,FALSE,-3.041229764526409,-0.13052842116700053,non-inundated sink
BB,SC-E,BB SC-E,11,2018-09-05,-0.0039028,-77.5945356407376,-4.111630792660208,falling,-14.057038481836301,falling,28,23.7,2.15,0,NA,77.5,26.21,0,0.5,0.8,NA,30.533333333333335,41.8,3.0280801384973466,0.5425440000000001,0.48907839113824797,46.08201497066559,NA,FALSE,-3.0770030683512473,-0.1574437524856377,non-inundated sink
BB,SC-E,BB SC-E,12,2018-09-29,0.00314318,-8.05399921475715,-1.6977629520167197,falling,21.05716324477975,rising,18.7,14.6,2.07,0,NA,77.1,19.979,5.6,6.8999999999999995,7.699999999999999,NA,NA,NA,3.0280801384973466,0.5425440000000001,NA,NA,70.36295596816586,FALSE,-2.934765498513941,0.14648385165264877,non-inundated source
BB,wetland_well,center,12,2018-09-29,2.5194365617500005,47.1814099635975,-1.980412800075797,falling,23.916307912027904,rising,18.7,14.6,2.07,0,NA,77.1,19.979,5.6,6.8999999999999995,7.699999999999999,FALSE,NA,NA,NA,NA,NA,NA,NA,TRUE,0.9436866381981043,1.3607169953729379,inundated
DB,wetland_well,center,01,2017-10-17,0.3345860169,13.83514524386495,-1.6162543164347003,falling,-3.3459154218829,falling,9.6,3.2,2.42,0.8,NA,64.4,13.882000000000001,3.8,4.3,5.8,FALSE,NA,NA,NA,NA,NA,NA,NA,TRUE,-0.9555878040027087,0.694228750857017,inundated
DB,SC-A,DB SC-A,01,2017-10-17,0.02468352,-44.813535425241604,-1.4987965353528026,falling,-4.174173705374599,falling,9.6,3.2,2.42,0.8,NA,64.4,13.882000000000001,3.8,4.3,5.8,NA,NA,NA,-4.371842901834807,0.5928360000000004,NA,NA,54.789019729165254,FALSE,-2.5944958269791294,0.291162672830885,non-inundated source
DB,SC-C,DB SC-C,01,2017-10-17,-0.0030043,-66.9288220578248,-1.7712492938536997,falling,-3.434699631812201,falling,9.6,3.2,2.42,0.8,NA,64.4,13.882000000000001,3.8,4.3,5.8,NA,NA,NA,-1.6978901540028146,0.8001000000000004,NA,NA,46.44666768062566,FALSE,-3.0576991708191876,-0.1442938316139397,non-inundated sink
DB,SC-E,DB SC-E,01,2017-10-17,0.03172478,-128.25909255941502,-2.202632828147017,falling,-2.2638656820050187,falling,9.6,3.2,2.42,0.8,NA,64.4,13.882000000000001,3.8,4.3,5.8,NA,NA,NA,5.375749189574043,1.3914120000000005,NA,NA,23.311597525006945,FALSE,-2.504398018330212,0.3165674124146288,non-inundated source
DB,wetland_well,center,02,2017-11-01,3.04146351765,28.53651460842765,-0.44513516876714476,falling,24.68643003938689,rising,11.8,8.3,2.32,0,NA,79.1,15.356000000000002,0,49.5,49.8,FALSE,NA,NA,NA,NA,NA,NA,NA,TRUE,1.1286446090896667,1.4488637182202557,inundated
DB,SC-A,DB SC-A,02,2017-11-01,-0.0033147,-32.077159333316104,-0.5099460367760074,falling,23.1695886355691,rising,11.8,8.3,2.32,0,NA,79.1,15.356000000000002,0,49.5,49.8,NA,NA,NA,-4.371842901834807,0.5928360000000004,NA,NA,61.314890159689924,FALSE,-3.0643259390199846,-0.1491012929241335,non-inundated sink
DB,SC-C,DB SC-C,02,2017-11-01,-0.003185,-51.4493086014178,-0.3931882800614943,falling,25.4807670595213,rising,11.8,8.3,2.32,0,NA,79.1,15.356000000000002,0,49.5,49.8,NA,NA,NA,-1.6978901540028146,0.8001000000000004,NA,NA,54.007307318178896,FALSE,-3.0615516145912847,-0.14713064726841385,non-inundated sink
DB,SC-E,DB SC-E,02,2017-11-01,-0.0032317,-108.436278275912,-0.2083218319300073,falling,29.140132897445994,rising,11.8,8.3,2.32,0,NA,79.1,15.356000000000002,0,49.5,49.8,NA,NA,NA,5.375749189574043,1.3914120000000005,NA,NA,32.510621740355546,FALSE,-3.06254965599133,-0.14784626110003352,non-inundated sink
DB,wetland_well,center,03,2017-11-28,3.2258415928499997,51.17425171702085,-0.6908178569681453,falling,-1.1975445249235008,falling,7.4,2.8,2.5600000000000005,0,NA,72.6,12.408000000000001,0,0,0,FALSE,NA,NA,NA,NA,NA,NA,NA,TRUE,1.1865748109908474,1.4775686877804544,inundated
DB,SC-A,DB SC-A,03,2017-11-28,0.00448524,-9.06288958197394,-0.1967153507423003,falling,0.9575398863917606,rising,7.4,2.8,2.5600000000000005,0,NA,72.6,12.408000000000001,0,0,0,NA,14.5,66.5,-4.371842901834807,0.5928360000000004,0.1846255052363921,78.26977837900198,NA,FALSE,-2.9098254396809113,0.16491565937552716,non-inundated source
DB,SC-C,DB SC-C,03,2017-11-28,-0.0031169,-29.2236578486046,-0.5448372027168027,falling,-0.6209452034566993,falling,7.4,2.8,2.5600000000000005,0,NA,72.6,12.408000000000001,0,0,0,NA,14.4,55.1,-1.6978901540028146,0.8001000000000004,0.3301841607069754,62.52949435200149,NA,FALSE,-3.0600980096197623,-0.1460744600485439,non-inundated sink
DB,SC-E,DB SC-E,03,2017-11-28,-8.24e-4,-87.45927427076971,-1.096030135009613,falling,-3.120213262383217,falling,7.4,2.8,2.5600000000000005,0,NA,72.6,12.408000000000001,0,0,0,NA,14.9,36.3,5.375749189574043,1.3914120000000005,0.38209116994478076,48.71887020576317,NA,FALSE,-3.0123495793774286,-0.09375096295307196,non-inundated sink
DB,SC-A,DB SC-A,04,2018-01-17,-0.0068717,3.8960288888888703,0.6033343333333101,rising,13.486583589229948,rising,-0.2,-1.2,2.49,2.5,30.5,93,7.316,2.5,2.5,2.5,NA,NA,NA,-4.371842901834807,0.5928360000000004,NA,NA,76.51249181921555,TRUE,-3.1435758848191218,-0.19011719454930587,non-inundated sink
DB,SC-C,DB SC-C,04,2018-01-17,-0.0027677,-12.9313701663471,0.13262570635470006,rising,17.759442841752197,rising,-0.2,-1.2,2.49,2.5,30.5,93,7.316,2.5,2.5,2.5,NA,0,53.6,-1.6978901540028146,0.8001000000000004,0.34518416070697544,60.82723951483267,NA,FALSE,-3.052677298398285,-0.14040190634392327,non-inundated sink
DB,SC-E,DB SC-E,04,2018-01-17,-0.0012482,-64.4063732049601,-0.4839643672015015,falling,26.007582123756393,rising,-0.2,-1.2,2.49,2.5,30.5,93,7.316,2.5,2.5,2.5,NA,0,36.7,5.375749189574043,1.3914120000000005,0.3780911699447807,49.25571726037213,NA,FALSE,-3.021013159142998,-0.10767000323007146,non-inundated sink
DB,SC-B,DB SC-B,04,2018-01-17,-0.0014634,-4.68111657520622,0.32733836116186055,rising,15.15476727901398,rising,-0.2,-1.2,2.49,2.5,30.5,93,7.316,2.5,2.5,2.5,NA,-0.75,65.7,-3.1660461921319603,0.6934200000000004,0.20840483297168377,75.9182263570161,NA,FALSE,-3.0254371264604143,-0.11353271324436731,non-inundated sink
DB,SC-D,DB SC-D,04,2018-01-17,-0.0092438,-43.8453082878684,-0.12699116672170163,falling,21.232343592069704,rising,-0.2,-1.2,2.49,2.5,30.5,93,7.316,2.5,2.5,2.5,NA,0,36.575,2.12752955770165,1.1414760000000004,0.44738766532587815,44.98008339749208,NA,FALSE,-3.2001473036292185,-0.2098699118727236,non-inundated sink
DB,SC-E,DB SC-E,05,2018-02-08,-0.0020062,-38.980033569679904,5.227575597211697,rising,11.195700770419393,rising,0.4,-5.3,2.42,9.4,NA,65.6,7.718,10.200000000000001,10.200000000000001,14.3,NA,7.783333333333333,43.13333333333333,5.375749189574043,1.3914120000000005,0.3194245032781138,57.12947406130359,NA,FALSE,-3.036683443083645,-0.12612216253095543,non-inundated sink
DB,SC-D,DB SC-D,05,2018-02-08,-0.0024479,-20.3170668302931,3.5146907590028995,rising,9.9281841512739,rising,0.4,-5.3,2.42,9.4,NA,65.6,7.718,10.200000000000001,10.200000000000001,14.3,NA,7.8,45.11666666666667,2.12752955770165,1.1414760000000004,0.36313766532587816,55.34118258064643,NA,FALSE,-3.045929326928085,-0.1347714468429421,non-inundated sink
DB,wetland_well,center,06,2018-03-08,0.5587297191,111.2148704460185,2.955966460416505,rising,5.714686734490499,rising,3.1,-4.1,0.76,14.2,NA,59.2,9.527000000000001,34,34,34,FALSE,NA,NA,NA,NA,NA,NA,NA,TRUE,-0.49638092078713314,0.8236333512205869,inundated
DB,SC-E,DB SC-E,06,2018-03-08,-0.0015907,-27.5445622525665,2.6045772039807034,rising,5.9221427480325985,rising,3.1,-4.1,0.76,14.2,NA,59.2,9.527000000000001,34,34,34,NA,7.9,49,5.375749189574043,1.3914120000000005,0.25509116994478076,65.76376418959767,NA,FALSE,-3.028063334957429,-0.11673365767095074,non-inundated sink
DB,SC-D,DB SC-D,06,2018-03-08,5.56e-5,-5.15059564699845,3.4785717957389597,rising,4.56850246448248,rising,3.1,-4.1,0.76,14.2,NA,59.2,9.527000000000001,34,34,34,NA,8.2,64.43333333333334,2.12752955770165,1.1414760000000004,0.1688043319925452,79.24037476177,NA,FALSE,-2.9946208913680272,0.038167313943964574,non-inundated source
DB,wetland_well,center,07,2018-04-11,0.24786519075000002,94.35739995203716,-0.7825465826388864,falling,-5.606530321527856,falling,5.1,-3.3,2.06,0,NA,54.6,10.867,0,0,0,FALSE,NA,NA,NA,NA,NA,NA,NA,TRUE,-1.211114274865007,0.6281622692076471,inundated
DB,SC-E,DB SC-E,07,2018-04-11,-0.0017954,-45.1561411629796,-0.7892084787585034,falling,-6.0331106044646035,falling,5.1,-3.3,2.06,0,NA,54.6,10.867,0,0,0,NA,17.3,43.1,5.375749189574043,1.3914120000000005,0.31409116994478076,57.8452701341155,NA,FALSE,-3.0323008267946303,-0.12154032881407603,non-inundated sink
DB,SC-D,DB SC-D,07,2018-04-11,1.96e-4,-19.5813851301786,-0.7864408715131006,falling,-4.815336095151901,falling,5.1,-3.3,2.06,0,NA,54.6,10.867,0,0,0,NA,17.233333333333334,47.9,2.12752955770165,1.1414760000000004,0.3341376653258782,58.90761434695476,NA,FALSE,-2.991819936734075,0.05808785733563705,non-inundated source
DB,wetland_well,center,08,2018-05-02,0.31046048415,95.8051367999538,-1.063252838194444,falling,-3.0238238694445556,falling,21.7,6.2,1.87,0,NA,36.6,21.989,0,0,4.3,FALSE,NA,NA,NA,NA,NA,NA,NA,TRUE,-1.0203729422735095,0.6771248880683853,inundated
DB,SC-E,DB SC-E,08,2018-05-02,0.00534081,-43.5694039260721,-1.1618002556694975,falling,-3.550725988176694,falling,21.7,6.2,1.87,0,NA,36.6,21.989,0,0,4.3,NA,31.466666666666665,42.3,5.375749189574043,1.3914120000000005,0.32209116994478076,56.77157602489757,NA,FALSE,-2.894244667939726,0.17479769819994337,non-inundated source
DB,SC-D,DB SC-D,08,2018-05-02,2.25e-4,-18.3542419722976,-0.8907382892463005,falling,-2.0466325042113986,falling,21.7,6.2,1.87,0,NA,36.6,21.989,0,0,4.3,NA,30.666666666666668,55.266666666666666,2.12752955770165,1.1414760000000004,0.2604709986592112,67.96717090274952,NA,FALSE,-2.9912423682811387,0.06082201995573401,non-inundated source
DB,wetland_well,center,09,2018-06-26,1.0337681997000001,72.6572449513427,-2.403423388888953,falling,-7.86375843680554,falling,21.7,16.3,2.1,0,NA,71.4,21.989,0,0,3.6,FALSE,NA,NA,NA,NA,NA,NA,NA,TRUE,0.0804440422357386,1.0111316922024216,inundated
DB,SC-C,DB SC-C,09,2018-06-26,1.52562114,-3.1565855152405202,-1.9511437371469902,falling,-8.75214095204606,falling,21.7,16.3,2.1,0,NA,71.4,21.989,0,0,3.6,NA,25.133333333333333,68.3,-1.6978901540028146,0.8001000000000004,0.19818416070697553,77.50933691908715,NA,FALSE,0.454649569135547,1.1511950123516976,non-inundated source
DB,SC-E,DB SC-E,09,2018-06-26,-0.0022875,-68.76539278259,-2.8243810833573946,falling,-7.873492743352095,falling,21.7,16.3,2.1,0,NA,71.4,21.989,0,0,3.6,NA,25.166666666666668,39.7,5.375749189574043,1.3914120000000005,0.34809116994478073,53.28207016993934,NA,FALSE,-3.042561860910789,-0.13176104611371192,non-inundated sink
DB,SC-D,DB SC-D,09,2018-06-26,-0.0013893,-40.021599101492896,-2.318822619761896,falling,-8.410065916502898,falling,21.7,16.3,2.1,0,NA,71.4,21.989,0,0,3.6,NA,25.4,48.233333333333334,2.12752955770165,1.1414760000000004,0.33080433199254516,59.31754903273728,NA,FALSE,-3.0239116076993064,-0.11158316571399639,non-inundated sink
DB,wetland_well,center,10,2018-07-22,0.07218497115000001,23.49633130967605,12.601791818055553,rising,7.604632713888883,rising,23.9,21.9,0.6900000000000001,0.5,NA,88.6,23.463,18.8,18.8,18.8,FALSE,NA,NA,NA,NA,NA,NA,NA,TRUE,-2.102219225487215,0.41637271505642715,inundated
DB,SC-A,DB SC-A,10,2018-07-22,-0.0035415,-30.044187505058602,17.697006849069,rising,10.045138182814298,rising,23.9,21.9,0.6900000000000001,0.5,NA,88.6,23.463,18.8,18.8,18.8,NA,26.666666666666668,56.96666666666667,-4.371842901834807,0.5928360000000004,NA,NA,63.19426587166417,FALSE,-3.069195837998352,-0.15242718013990855,non-inundated sink
DB,SC-C,DB SC-C,10,2018-07-22,-0.0108089,-56.1427996937015,13.949651350210097,rising,8.64185408981161,rising,23.9,21.9,0.6900000000000001,0.5,NA,88.6,23.463,18.8,18.8,18.8,NA,26.4,49.4,-1.6978901540028146,0.8001000000000004,NA,NA,53.34931950161867,FALSE,-3.2393055987797146,-0.2211025915441855,non-inundated sink
DB,SC-E,DB SC-E,10,2018-07-22,-0.0034788,-123.780002325719,8.016338477016987,rising,6.419987609224009,rising,23.9,21.9,0.6900000000000001,0.5,NA,88.6,23.463,18.8,18.8,18.8,NA,26.4,29.6,5.375749189574043,1.3914120000000005,NA,NA,27.83514167028251,FALSE,-3.067847156307532,-0.15152227667502763,non-inundated sink
DB,SC-B,DB SC-B,10,2018-07-22,-0.0179956,-42.788693599380004,15.823329099639594,rising,9.343496136313,rising,23.9,21.9,0.6900000000000001,0.5,NA,88.6,23.463,18.8,18.8,18.8,NA,26.433333333333334,58.333333333333336,-3.1660461921319603,0.6934200000000004,NA,NA,58.38676966824875,FALSE,-3.441881885634669,-0.26205278349154437,non-inundated sink
DB,SC-D,DB SC-D,10,2018-07-22,-0.0047486,-93.8618744861301,11.451414350970893,rising,7.706331361142887,rising,23.9,21.9,0.6900000000000001,0.5,NA,88.6,23.463,18.8,18.8,18.8,NA,26.333333333333332,29.833333333333332,2.12752955770165,1.1414760000000004,NA,NA,39.12088981443445,FALSE,-3.0955216700882904,-0.1680822537502488,non-inundated sink
DB,SC-A,DB SC-A,11,2018-09-05,-2.91e-4,-61.837004242461305,-1.338089794618007,falling,-9.8314908444219,falling,28,23.7,2.15,0,NA,77.5,26.21,0,0.5,0.8,NA,32.5,46.93333333333333,-4.371842901834807,0.5928360000000004,0.38029217190305914,55.24002403891465,NA,FALSE,-3.001569275754624,-0.0662670538747667,non-inundated sink
DB,SC-C,DB SC-C,11,2018-09-05,-0.0045349,-79.7916304126156,-0.8689332670718102,falling,-6.780159311594105,falling,28,23.7,2.15,0,NA,77.5,26.21,0,0.5,0.8,NA,31.4,26.366666666666667,-1.6978901540028146,0.8001000000000004,0.6175174940403085,29.921857248900935,NA,FALSE,-3.090810280312563,-0.16552206847552212,non-inundated sink
DB,SC-E,DB SC-E,11,2018-09-05,-0.0086977,-134.53418851536,-0.1261020984569825,falling,-1.9488843846170028,falling,28,23.7,2.15,0,NA,77.5,26.21,0,0.5,0.8,NA,31.3,19,5.375749189574043,1.3914120000000005,0.5550911699447807,25.500235093925625,NA,FALSE,-3.186837090493145,-0.20565288575781238,non-inundated sink
DB,SC-B,DB SC-B,11,2018-09-05,0.00430087,-70.50951732753839,-1.1035115308448837,falling,-8.305825078007892,falling,28,23.7,2.15,0,NA,77.5,26.21,0,0.5,0.8,NA,32.2,44.266666666666666,-3.1660461921319603,0.6934200000000004,0.4227381663050168,51.15139756576228,NA,FALSE,-2.9132150300711523,0.16262429937409406,non-inundated source
DB,SC-D,DB SC-D,11,2018-09-05,-0.0024846,-112.081381192718,-0.5561622487069968,falling,-4.745938289707993,falling,28,23.7,2.15,0,NA,77.5,26.21,0,0.5,0.8,NA,31.133333333333333,17.466666666666665,2.12752955770165,1.1414760000000004,0.6384709986592112,21.48057753500651,NA,FALSE,-3.0467014099601015,-0.13544162643139254,non-inundated sink
DB,wetland_well,center,12,2018-09-29,0.3621692385,72.2259664774089,1.1625651302328635,rising,29.4372291043069,rising,18.7,14.6,2.07,0,NA,77.1,19.979,5.6,6.8999999999999995,7.699999999999999,FALSE,NA,NA,NA,NA,NA,NA,NA,TRUE,-0.8863212409185143,0.7128046431325841,inundated
DB,SC-C,DB SC-C,12,2018-09-29,-0.0029282,-12.4662074288741,0.9574793187337001,rising,25.128769219302498,rising,18.7,14.6,2.07,0,NA,77.1,19.979,5.6,6.8999999999999995,7.699999999999999,NA,NA,NA,-1.6978901540028146,0.8001000000000004,NA,NA,68.478344722119445,FALSE,-3.0560811833824695,-0.14306505915365259,non-inundated sink
DB,SC-E,DB SC-E,12,2018-09-29,-0.0022658,-61.1492396087434,0.8485921507979981,rising,33.962477572537196,rising,18.7,14.6,2.07,0,NA,77.1,19.979,5.6,6.8999999999999995,7.699999999999999,NA,NA,NA,5.375749189574043,1.3914120000000005,NA,NA,50.114079316828004,FALSE,-3.0421071568639464,-0.13134307834503928,non-inundated sink
DB,SC-B,DB SC-B,12,2018-09-29,0.00996063,-5.09762884575742,0.9918647401871095,rising,22.33917710775478,rising,18.7,14.6,2.07,0,NA,77.1,19.979,5.6,6.8999999999999995,7.699999999999999,NA,NA,NA,-3.1660461921319603,0.6934200000000004,NA,NA,71.25792780684061,FALSE,-2.8140670987982683,0.2151603635028938,non-inundated source
DB,SC-D,DB SC-D,12,2018-09-29,-0.0028024,-42.204578873029604,0.9116320901291957,rising,28.848225368032885,rising,18.7,14.6,2.07,0,NA,77.1,19.979,5.6,6.8999999999999995,7.699999999999999,NA,NA,NA,2.12752955770165,1.1414760000000004,NA,NA,57.260404477480435,FALSE,-3.05341223514103,-0.14098623341944877,non-inundated sink
DK,SC-A,DK SC-A,01,2017-10-17,-0.0034195,-43.472688066097795,-1.7266760436298938,falling,-2.3514201456655996,falling,9.6,3.2,2.42,0.8,NA,64.4,13.882000000000001,3.8,4.3,5.8,NA,NA,NA,-2.9958747305924267,0.32308800000000015,NA,NA,48.42867416680404,FALSE,-3.066573280362858,-0.15065638281371727,non-inundated sink
DK,SC-B,DK SC-B,01,2017-10-17,0.01051003,-75.7161919360594,-1.8394368375763008,falling,-3.048840092856409,falling,9.6,3.2,2.42,0.8,NA,64.4,13.882000000000001,3.8,4.3,5.8,NA,NA,NA,0.6616443653851827,0.6096,NA,NA,34.27295801690823,FALSE,-2.8049461425622093,0.21904565953028504,non-inundated source
DK,SC-C,DK SC-C,01,2017-10-17,-0.0025023,-113.093595355399,-1.9794029384339922,falling,-3.9145235210440035,falling,9.6,3.2,2.42,0.8,NA,64.4,13.882000000000001,3.8,4.3,5.8,NA,NA,NA,6.425951158725609,0.9387840000000001,NA,NA,17.863329728425754,FALSE,-3.0470739901665103,-0.13576248914259134,non-inundated sink
DK,SC-D,DK SC-D,01,2017-10-17,-0.002295,-134.865645844482,-2.098333241871984,falling,-4.650101580045998,falling,9.6,3.2,2.42,0.8,NA,64.4,13.882000000000001,3.8,4.3,5.8,NA,NA,NA,12.190059239318277,1.118616,NA,NA,8.304847251842913,FALSE,-3.0427190647783275,-0.1319048901647454,non-inundated sink
DK,SC-E,DK SC-E,01,2017-10-17,-0.0025482,-145.800890022429,-2.2023972573790047,falling,-5.293732381671987,falling,9.6,3.2,2.42,0.8,NA,64.4,13.882000000000001,3.8,4.3,5.8,NA,NA,NA,16.23058177337026,1.194816,NA,NA,3.5039976532039736,FALSE,-3.0480408199776297,-0.13658756742137437,non-inundated sink
DK,SC-A,DK SC-A,02,2017-11-01,0.00837279,-25.3082835548216,-1.9678302464534987,falling,21.7696230989312,rising,11.8,8.3,2.32,0,NA,79.1,15.356000000000002,0,49.5,49.8,NA,NA,NA,-2.9958747305924267,0.32308800000000015,NA,NA,58.12474957591334,FALSE,-2.84090542238211,0.20305954072188526,non-inundated source
DK,SC-B,DK SC-B,02,2017-11-01,0.0096318,-59.815932947869,-1.235052740929099,falling,20.079918223349196,rising,11.8,8.3,2.32,0,NA,79.1,15.356000000000002,0,49.5,49.8,NA,NA,NA,0.6616443653851827,0.6096,NA,NA,42.97501610469538,FALSE,-2.819566290154803,0.21276612563107275,non-inundated source
DK,SC-C,DK SC-C,02,2017-11-01,-0.0019658,-100.00374244497401,-0.3254811899058012,falling,17.982545592682996,rising,11.8,8.3,2.32,0,NA,79.1,15.356000000000002,0,49.5,49.8,NA,NA,NA,6.425951158725609,0.9387840000000001,NA,NA,25.331548253886304,FALSE,-3.035842021781867,-0.12526981717050445,non-inundated sink
DK,SC-D,DK SC-D,02,2017-11-01,-0.0020672,-124.16381721681,0.4473889543519931,rising,16.200391472095987,rising,11.8,8.3,2.32,0,NA,79.1,15.356000000000002,0,49.5,49.8,NA,NA,NA,12.190059239318277,1.118616,NA,NA,14.724662537939576,FALSE,-3.0379552489898742,-0.12738770068243344,non-inundated sink
DK,SC-E,DK SC-E,02,2017-11-01,-0.0023073,-137.188582642167,1.1236503305779877,rising,14.64100661658199,rising,11.8,8.3,2.32,0,NA,79.1,15.356000000000002,0,49.5,49.8,NA,NA,NA,16.23058177337026,1.194816,NA,NA,9.006460104856728,FALSE,-3.0429769326319165,-0.13214011751250823,non-inundated sink
DK,wetland_well,center,02,2017-11-01,0.18119759805000002,-2.6540402403240497,-0.5438754628579989,falling,18.215488017443676,rising,11.8,8.3,2.32,0,NA,79.1,15.356000000000002,0,49.5,49.8,FALSE,NA,NA,NA,NA,NA,NA,NA,FALSE,-1.4644825312949747,0.5658710536811526,inundated
DK,SC-A,DK SC-A,03,2017-11-28,0.01044623,-16.3605774656757,-0.9462250296910018,falling,-3.4233162886983006,falling,7.4,2.8,2.5600000000000005,0,NA,72.6,12.408000000000001,0,0,0,NA,10,68.3,-2.9958747305924267,0.32308800000000015,0.11452989755397835,85.6394226843105,NA,FALSE,-2.8060010694575475,0.21860152863914817,non-inundated source
DK,SC-B,DK SC-B,03,2017-11-28,0.51228377,-46.3416992818034,-1.020735364781899,falling,-3.3328472769055963,falling,7.4,2.8,2.5600000000000005,0,NA,72.6,12.408000000000001,0,0,0,NA,10.1,57.9,0.6616443653851827,0.6096,0.2960286884200035,66.16925909543286,NA,FALSE,-0.5757486276964877,0.8001477695785091,non-inundated source
DK,SC-C,DK SC-C,03,2017-11-28,-0.002371,-80.9108855571947,-1.1132224847399925,falling,-3.220551199644106,falling,7.4,2.8,2.5600000000000005,0,NA,72.6,12.408000000000001,0,0,0,NA,10.3,30,6.425951158725609,0.9387840000000001,0.6525274792860287,31.495154368130816,NA,FALSE,-3.0443134595608803,-0.13334513784375956,non-inundated sink
DK,SC-D,DK SC-D,03,2017-11-28,-0.002286,-100.29677171791,-1.1918095224106082,falling,-3.125132334207308,falling,7.4,2.8,2.5600000000000005,0,NA,72.6,12.408000000000001,0,0,0,NA,10.5,19.7,12.190059239318277,1.118616,0.7439906468715481,20.93538343393246,NA,FALSE,-3.04253042310263,-0.13173223958762692,non-inundated sink
DK,SC-E,DK SC-E,03,2017-11-28,-0.0016245,-109.14412210853499,-1.260573180370983,falling,-3.041640826948992,falling,7.4,2.8,2.5600000000000005,0,NA,72.6,12.408000000000001,0,0,0,NA,10.6,23.2,16.23058177337026,1.194816,0.6974538144570676,24.96089600057436,NA,FALSE,-3.028761791768294,-0.11755467502249181,non-inundated sink
DK,wetland_well,center,03,2017-11-28,0.5325656715,13.6684020985168,-1.0582140963602988,falling,-3.198201779648251,falling,7.4,2.8,2.5600000000000005,0,NA,72.6,12.408000000000001,0,0,0,FALSE,NA,NA,NA,NA,NA,NA,NA,TRUE,-0.5403133591245124,0.810570989718408,inundated
DK,SC-A,DK SC-A,04,2018-01-17,-0.0072426,-0.367622135876339,0.777283804386161,rising,28.080485201826463,rising,-0.2,-1.2,2.49,2.5,30.5,93,7.316,2.5,2.5,2.5,NA,0.07,68.3,-2.9958747305924267,0.32308800000000015,0.11452989755397835,85.6394226843105,NA,FALSE,-3.152212999164138,-0.19347796021901909,non-inundated sink
DK,SC-B,DK SC-B,04,2018-01-17,-0.0036535,-27.658212119050003,0.6697018574725,rising,29.865158818638097,rising,-0.2,-1.2,2.49,2.5,30.5,93,7.316,2.5,2.5,2.5,NA,0,53.4,0.6616443653851827,0.6096,0.34102868842000345,61.02657056469973,NA,FALSE,-3.0716095022270875,-0.15401737027881426,non-inundated sink
DK,SC-C,DK SC-C,04,2018-01-17,0.00262499,-58.8877336340902,0.5361640815737942,rising,32.080412886176994,rising,-0.2,-1.2,2.49,2.5,30.5,93,7.316,2.5,2.5,2.5,NA,0,28.7,6.425951158725609,0.9387840000000001,0.6655274792860286,30.13036434551181,NA,FALSE,-2.9445641770033624,0.13794603364904462,non-inundated source
DK,SC-D,DK SC-D,04,2018-01-17,-0.0025888,-75.435880221485,0.4226959767209024,rising,33.96273179646002,rising,-0.2,-1.2,2.49,2.5,30.5,93,7.316,2.5,2.5,2.5,NA,0,32.875,12.190059239318277,1.118616,0.6122406468715481,34.93658529901166,NA,FALSE,-3.048896791272633,-0.13730915672903013,non-inundated sink
DK,SC-E,DK SC-E,04,2018-01-17,-0.0038835,-81.8002084854554,0.323411384974591,rising,35.60976084295659,rising,-0.2,-1.2,2.49,2.5,30.5,93,7.316,2.5,2.5,2.5,NA,0.025,29.425,16.23058177337026,1.194816,0.6352038144570675,31.65837779383192,NA,FALSE,-3.0765844754462495,-0.15718379492259524,non-inundated sink
DK,SC-C,DK SC-C,05,2018-02-08,0.01106045,-17.4592933633849,3.3459559352338992,rising,13.351352917101796,rising,0.4,-5.3,2.42,9.4,NA,65.6,7.718,10.200000000000001,10.200000000000001,14.3,NA,5.366666666666667,32.266666666666666,6.425951158725609,0.9387840000000001,0.5918608126193616,37.86417447368619,NA,FALSE,-2.7958909219023655,0.22280465777420622,non-inundated source
DK,SC-E,DK SC-E,05,2018-02-08,-8.03e-4,-27.7871970320138,5.2617722356825,rising,15.455765378320699,rising,0.4,-5.3,2.42,9.4,NA,65.6,7.718,10.200000000000001,10.200000000000001,14.3,NA,4.95,43.1,16.23058177337026,1.194816,0.4907871477904005,47.19617692062627,NA,FALSE,-3.011922632952719,-0.09294767164487824,non-inundated sink
DK,SC-C,DK SC-C,06,2018-03-08,2.37e-4,-14.400726690498,1.0579320276134005,rising,4.918041523210402,rising,3.1,-4.1,0.76,14.2,NA,59.2,9.527000000000001,34,34,34,NA,10.666666666666666,35.7,6.425951158725609,0.9387840000000001,0.5955274792860286,37.479233698075674,NA,FALSE,-2.9910034719809047,0.06188462762136205,non-inundated source
DK,SC-D,DK SC-D,06,2018-03-08,0.00418912,-22.672993282801603,1.426029715624498,rising,7.249474762761796,rising,3.1,-4.1,0.76,14.2,NA,59.2,9.527000000000001,34,34,34,NA,9.733333333333333,48.63333333333333,12.190059239318277,1.118616,0.45465731353821515,51.68312086312596,NA,FALSE,-2.915275128694487,0.1612034258457073,non-inundated source
DK,SC-E,DK SC-E,06,2018-03-08,-0.0018137,-21.7959265510673,1.7481151926341987,rising,9.2894788473692,rising,3.1,-4.1,0.76,14.2,NA,59.2,9.527000000000001,34,34,34,NA,9.933333333333334,54.1,16.23058177337026,1.194816,0.3884538144570675,58.206227311684174,NA,FALSE,-3.032680530692402,-0.1219518756712663,non-inundated sink
DK,wetland_well,center,06,2018-03-08,0.308035062,84.11349640784974,1.446355977083286,rising,6.601188106018483,rising,3.1,-4.1,0.76,14.2,NA,59.2,9.527000000000001,34,34,34,FALSE,NA,NA,NA,NA,NA,NA,NA,TRUE,-1.027124358829617,0.6753569667441202,inundated
DK,SC-C,DK SC-C,07,2018-04-11,2.77e-4,-24.4626590532801,-0.9220285323549007,falling,-3.9635274238513993,falling,5.1,-3.3,2.06,0,NA,54.6,10.867,0,0,0,NA,12.133333333333333,33.6,6.425951158725609,0.9387840000000001,0.6165274792860287,35.274572892306516,NA,FALSE,-2.9902075629112908,0.0651868391517377,non-inundated source
DK,SC-D,DK SC-D,07,2018-04-11,0.00657965,-37.663659907007904,-0.8472675987862033,falling,-5.736452220277002,falling,5.1,-3.3,2.06,0,NA,54.6,10.867,0,0,0,NA,11.9,39.5,12.190059239318277,1.118616,0.5459906468715481,41.97703784976306,NA,FALSE,-2.872105899059273,0.18738475881464312,non-inundated source
DK,SC-E,DK SC-E,07,2018-04-11,-0.0023367,-41.0992356540198,-0.7818517819136019,falling,-7.287761417149504,falling,5.1,-3.3,2.06,0,NA,54.6,10.867,0,0,0,NA,11.833333333333334,45.03333333333333,16.23058177337026,1.194816,0.4791204811237345,48.45139439191945,NA,FALSE,-3.04359356925534,-0.1326990008418392,non-inundated sink
DK,wetland_well,center,07,2018-04-11,0.2606357952,71.22356877706275,-0.9203244134259023,falling,-4.729872080555552,falling,5.1,-3.3,2.06,0,NA,54.6,10.867,0,0,0,FALSE,NA,NA,NA,NA,NA,NA,NA,TRUE,-1.1691341295761672,0.6387702583919296,inundated
DK,SC-C,DK SC-C,08,2018-05-02,-2.1e-4,-22.2309706495574,-1.0330581703751989,falling,-2.6745806033346007,falling,21.7,6.2,1.87,0,NA,36.6,21.989,0,0,4.3,NA,26.466666666666665,33.03333333333333,6.425951158725609,0.9387840000000001,0.6221941459526956,34.67966442090845,NA,FALSE,-2.9999411183280458,-0.05943921952763131,non-inundated sink
DK,SC-D,DK SC-D,08,2018-05-02,0.00381242,-34.256250149044796,-1.510175046574993,falling,-4.350717773032194,falling,21.7,6.2,1.87,0,NA,36.6,21.989,0,0,4.3,NA,26.233333333333334,39.9,12.190059239318277,1.118616,0.5419906468715481,42.402121777355596,NA,FALSE,-2.9222509834387305,0.1562189015442147,non-inundated source
DK,SC-E,DK SC-E,08,2018-05-02,-0.0022968,-36.663069711096306,-1.9276523132498014,falling,-5.817337796517606,falling,21.7,6.2,1.87,0,NA,36.6,21.989,0,0,4.3,NA,26.5,48.43333333333333,16.23058177337026,1.194816,0.44512048112373453,52.109456736831206,NA,FALSE,-3.042756797384125,-0.13193936609160667,non-inundated sink
DK,wetland_well,center,08,2018-05-02,0.3477618657,73.929668430535,-1.2338789034722453,falling,-3.3507538909722,falling,21.7,6.2,1.87,0,NA,36.6,21.989,0,0,4.3,FALSE,NA,NA,NA,NA,NA,NA,NA,TRUE,-0.9219017801538966,0.703224488293849,inundated
DK,SC-B,DK SC-B,09,2018-06-26,2.62373772,-8.35084419158356,-1.1268090996026405,falling,-3.9638189251866,falling,21.7,16.3,2.1,0,NA,71.4,21.989,0,0,3.6,NA,24.6,68.3,0.6616443653851827,0.6096,0.19202868842000353,78.05458369979385,NA,FALSE,0.9834773886035573,1.3792409394177105,non-inundated source
DK,SC-C,DK SC-C,09,2018-06-26,0.00164,-41.831166364400005,-2.2599226728952075,falling,-3.57736479900111,falling,21.7,16.3,2.1,0,NA,71.4,21.989,0,0,3.6,NA,23.966666666666665,31.5,6.425951158725609,0.9387840000000001,0.6375274792860286,33.06991208653736,NA,FALSE,-2.9634587130036953,0.11792737079940735,non-inundated source
DK,SC-D,DK SC-D,09,2018-06-26,-0.0033218,-60.2918360810788,-3.222738242341798,falling,-3.248991670006397,falling,21.7,16.3,2.1,0,NA,71.4,21.989,0,0,3.6,NA,23.7,37.233333333333334,12.190059239318277,1.118616,0.5686573135382151,39.56822892673865,NA,FALSE,-3.0644780327185646,-0.1492076740177602,non-inundated sink
DK,SC-E,DK SC-E,09,2018-06-26,-0.0026077,-68.32962208317281,-4.065201865607605,falling,-2.961665182136116,falling,21.7,16.3,2.1,0,NA,71.4,21.989,0,0,3.6,NA,23.933333333333334,41.6,16.23058177337026,1.194816,0.5134538144570675,44.75746869068506,NA,FALSE,-3.049295510734475,-0.13764249690168887,non-inundated sink
DK,SC-A,DK SC-A,10,2018-07-22,0.05695771,-6.47284389970287,27.96204409250633,rising,24.92240267519123,rising,23.9,21.9,0.6900000000000001,0.5,NA,88.6,23.463,18.8,18.8,18.8,NA,25.666666666666668,68.3,-2.9958747305924267,0.32308800000000015,NA,NA,67.50648130781012,FALSE,-2.2353217562904937,0.38475491232071957,non-inundated source
DK,SC-B,DK SC-B,10,2018-07-22,-0.0028946,-39.4120582467941,28.166851937736,rising,23.826230868571493,rising,23.9,21.9,0.6900000000000001,0.5,NA,88.6,23.463,18.8,18.8,18.8,NA,25.6,59.46666666666667,0.6616443653851827,0.6096,NA,NA,53.045330609719024,FALSE,-3.0553676348500085,-0.1425157466952929,non-inundated sink
DK,SC-C,DK SC-C,10,2018-07-22,0.00371948,-77.6530231878441,28.421072882077894,rising,22.4655904520489,rising,23.9,21.9,0.6900000000000001,0.5,NA,88.6,23.463,18.8,18.8,18.8,NA,25.7,18.2,6.425951158725609,0.9387840000000001,NA,NA,36.256576906436536,FALSE,-2.9239795871952454,0.15493899784724077,non-inundated source
DK,SC-D,DK SC-D,10,2018-07-22,-0.0028117,-100.158848735205,28.637086430111992,rising,21.309443523511007,rising,23.9,21.9,0.6900000000000001,0.5,NA,88.6,23.463,18.8,18.8,18.8,NA,25.8,23.933333333333334,12.190059239318277,1.118616,NA,NA,26.375948564914623,FALSE,-3.0536092984742207,-0.14114201943946608,non-inundated sink
DK,wetland_well,center,10,2018-07-22,0.15844779495,17.541400771507206,26.466637861805566,rising,21.520429350694457,rising,23.9,21.9,0.6900000000000001,0.5,NA,88.6,23.463,18.8,18.8,18.8,FALSE,NA,NA,NA,NA,NA,NA,NA,TRUE,-1.568066653027425,0.5411222601721093,inundated
DK,SC-A,DK SC-A,11,2018-09-05,0.00231175,-32.5413738314999,-3.3936640368168938,falling,-18.519464224033193,falling,28,23.7,2.15,0,NA,77.5,26.21,0,0.5,0.8,NA,30.533333333333335,66.36666666666666,-2.9958747305924267,0.32308800000000015,0.13386323088731122,83.21527113931786,NA,FALSE,-2.95053426775278,0.13222501412972973,non-inundated source
DK,SC-B,DK SC-B,11,2018-09-05,-0.0059102,-64.6761089284324,-3.093280911812805,falling,-17.715569609777198,falling,28,23.7,2.15,0,NA,77.5,26.21,0,0.5,0.8,NA,30.466666666666665,50.9,0.6616443653851827,0.6096,0.36602868842000347,58.16952138095911,NA,FALSE,-3.1215268157985827,-0.18080095739175076,non-inundated sink
DK,SC-C,DK SC-C,11,2018-09-05,-0.0012983,-101.91850140537599,-2.720425655132999,falling,-16.717722834138087,falling,28,23.7,2.15,0,NA,77.5,26.21,0,0.5,0.8,NA,30.5,15.033333333333333,6.425951158725609,0.9387840000000001,0.8021941459526957,15.782571800029961,NA,FALSE,-3.022041341905313,-0.10909169401792135,non-inundated sink
DK,SC-D,DK SC-D,11,2018-09-05,-0.0027411,-123.57583202837701,-2.403607593165006,falling,-15.869844533011005,falling,28,23.7,2.15,0,NA,77.5,26.21,0,0.5,0.8,NA,30.633333333333333,20.7,12.190059239318277,1.118616,0.7339906468715481,21.998093252913804,NA,FALSE,-3.052114282991503,-0.13995066288736066,non-inundated sink
DK,SC-E,DK SC-E,11,2018-09-05,-0.0030438,-134.410696323502,-2.126391788941021,falling,-15.127951019525014,falling,28,23.7,2.15,0,NA,77.5,26.21,0,0.5,0.8,NA,30.733333333333334,21.666666666666668,16.23058177337026,1.194816,0.7127871477904005,23.311181609731836,NA,FALSE,-3.0585400266683473,-0.14492346337346537,non-inundated sink
DK,wetland_well,center,11,2018-09-05,0.93148059375,-5.5350693690020405,-2.7486579605600894,falling,-16.206159750925938,falling,28,23.7,2.15,0,NA,77.5,26.21,0,0.5,0.8,FALSE,NA,NA,NA,NA,NA,NA,NA,FALSE,-0.018693037493693592,0.9766177285672085,inundated
DK,SC-B,DK SC-B,12,2018-09-29,0.06025967,-0.6044320361592861,1.7842569787803841,rising,23.037338539307115,rising,18.7,14.6,2.07,0,NA,77.1,19.979,5.6,6.8999999999999995,7.699999999999999,NA,NA,NA,0.6616443653851827,0.6096,NA,NA,68.73615741354143,FALSE,-2.20491705875089,0.3920507144923229,non-inundated source
DK,SC-C,DK SC-C,12,2018-09-29,3.91e-4,-28.743591285347197,1.8584287257502048,rising,31.3180185781686,rising,18.7,14.6,2.07,0,NA,77.1,19.979,5.6,6.8999999999999995,7.699999999999999,NA,NA,NA,6.425951158725609,0.9387840000000001,NA,NA,56.382352670896594,FALSE,-2.9879426912791613,0.07312382811573166,non-inundated source
DK,SC-D,DK SC-D,12,2018-09-29,-0.001887,-42.6658326017044,1.9214530460644,rising,38.35417793142319,rising,18.7,14.6,2.07,0,NA,77.1,19.979,5.6,6.8999999999999995,7.699999999999999,NA,NA,NA,12.190059239318277,1.118616,NA,NA,50.27013555455815,FALSE,-3.0342028681165814,-0.12357310712443159,non-inundated sink
DK,SC-E,DK SC-E,12,2018-09-29,-0.0027442,-46.732493753517005,1.9765993263392971,rising,44.51081736552089,rising,18.7,14.6,2.07,0,NA,77.1,19.979,5.6,6.8999999999999995,7.699999999999999,NA,NA,NA,16.23058177337026,1.194816,NA,NA,48.48476814613275,FALSE,-3.052179881252961,-0.14000340127791006,non-inundated sink
DK,wetland_well,center,12,2018-09-29,0.56689415055,66.5587186851022,2.0164403247060534,rising,32.75999512794681,rising,18.7,14.6,2.07,0,NA,77.1,19.979,5.6,6.8999999999999995,7.699999999999999,FALSE,NA,NA,NA,NA,NA,NA,NA,TRUE,-0.4830578248183067,0.8276257451928262,inundated
ND,wetland_well,center,01,2017-10-17,0.17353237230000002,10.76276421993163,-1.7723916578942163,falling,-5.042905560344831,falling,9.6,3.2,2.42,0.8,NA,64.4,13.882000000000001,3.8,4.3,5.8,FALSE,NA,NA,NA,NA,NA,NA,NA,TRUE,-1.4981990329115835,0.5577764424146777,inundated
ND,SC-A,ND SC-A,01,2017-10-17,7.06e-4,-28.6050995473014,-1.5075402485854,falling,-5.3505740977306004,falling,9.6,3.2,2.42,0.8,NA,64.4,13.882000000000001,3.8,4.3,5.8,NA,NA,NA,-5.317065828108264,0.42468800000000034,NA,NA,55.39417280522502,FALSE,-2.9817110321917366,0.08904336564422961,non-inundated source
ND,SC-B,ND SC-B,01,2017-10-17,-0.0013845,-53.2181552759152,-1.7320801151387002,falling,-5.368918381649799,falling,9.6,3.2,2.42,0.8,NA,64.4,13.882000000000001,3.8,4.3,5.8,NA,NA,NA,-2.9971237174072143,0.6502400000000002,NA,NA,44.546372145949874,FALSE,-3.0238128688819113,-0.11145451166523995,non-inundated sink
ND,SC-C,ND SC-C,01,2017-10-17,-0.0019408,-83.7537634978447,-1.9709523135997102,falling,-5.388433577308405,falling,9.6,3.2,2.42,0.8,NA,64.4,13.882000000000001,3.8,4.3,5.8,NA,NA,NA,0.06626370407614893,0.9337040000000001,NA,NA,31.088303604865466,FALSE,-3.0353216946717003,-0.12473651164802373,non-inundated sink
ND,SC-D,ND SC-D,01,2017-10-17,-0.0034407,-112.781259783183,-2.278073711621005,falling,-5.413524543156001,falling,9.6,3.2,2.42,0.8,NA,64.4,13.882000000000001,3.8,4.3,5.8,NA,NA,NA,2.718994477225549,1.1958320000000002,NA,NA,18.294910666859312,FALSE,-3.067028510036233,-0.15096708491227143,non-inundated sink
ND,SC-E,ND SC-E,01,2017-10-17,-0.0031085,-150.29311702344802,-2.5797351736770224,falling,-5.438169447386997,falling,9.6,3.2,2.42,0.8,NA,64.4,13.882000000000001,3.8,4.3,5.8,NA,NA,NA,5.1251139229947915,1.543304,NA,NA,1.762174781143269,FALSE,-3.059918856629028,-0.1459431191446949,non-inundated sink
ND,wetland_well,center,02,2017-11-01,0.26356916565,14.242805185724539,0.21369152047530804,rising,11.159397390360313,rising,11.8,8.3,2.32,0,NA,79.1,15.356000000000002,0,49.5,49.8,FALSE,NA,NA,NA,NA,NA,NA,NA,TRUE,-1.1597353191601412,0.6411577073150914,inundated
ND,SC-A,ND SC-A,02,2017-11-01,-8.52e-4,-25.470320559460603,-0.27740272171580216,falling,11.941271958997895,rising,11.8,8.3,2.32,0,NA,79.1,15.356000000000002,0,49.5,49.8,NA,NA,NA,-5.317065828108264,0.42468800000000034,NA,NA,58.49721626916616,FALSE,-3.012919124976812,-0.09480106107163949,non-inundated sink
ND,SC-B,ND SC-B,02,2017-11-01,-0.0036709,-49.7526053608756,0.011046189272605034,rising,11.837696094933207,rising,11.8,8.3,2.32,0,NA,79.1,15.356000000000002,0,49.5,49.8,NA,NA,NA,-2.9971237174072143,0.6502400000000002,NA,NA,47.79519747142415,FALSE,-3.0719850056002396,-0.15426148861908617,non-inundated sink
ND,SC-C,ND SC-C,02,2017-11-01,-0.0032272,-79.9363296177001,0.3179067328773044,rising,11.727509005502597,rising,11.8,8.3,2.32,0,NA,79.1,15.356000000000002,0,49.5,49.8,NA,NA,NA,0.06626370407614893,0.9337040000000001,NA,NA,34.49221601707709,FALSE,-3.062453441599935,-0.1477776060868645,non-inundated sink
ND,SC-D,ND SC-D,02,2017-11-01,-0.0032857,-108.51140366218901,0.712441717511993,rising,11.585839890520006,rising,11.8,8.3,2.32,0,NA,79.1,15.356000000000002,0,49.5,49.8,NA,NA,NA,2.718994477225549,1.1958320000000002,NA,NA,21.898220762018983,FALSE,-3.063704951329846,-0.14866519422709537,non-inundated sink
ND,SC-E,ND SC-E,02,2017-11-01,-0.00391,-145.578881723664,1.09996274686398,rising,11.446689337582995,rising,11.8,8.3,2.32,0,NA,79.1,15.356000000000002,0,49.5,49.8,NA,NA,NA,5.1251139229947915,1.543304,NA,NA,5.561337711554206,FALSE,-3.07715927224972,-0.1575405119604611,non-inundated sink
ND,wetland_well,center,03,2017-11-28,0.23467750515000002,33.09039998845425,-0.5090169810825955,falling,-0.07514994839824851,falling,7.4,2.8,2.5600000000000005,0,NA,72.6,12.408000000000001,0,0,0,FALSE,NA,NA,NA,NA,NA,NA,NA,TRUE,-1.2563983002890606,0.61681816386766,inundated
ND,SC-A,ND SC-A,03,2017-11-28,0.03638657,-8.59527754628814,-0.1531356500641099,falling,0.9863798934602208,rising,7.4,2.8,2.5600000000000005,0,NA,72.6,12.408000000000001,0,0,0,NA,11.2,68.3,-5.317065828108264,0.42468800000000034,0.11452989755397835,85.6394226843105,NA,FALSE,-2.448923055068962,0.3313703955381923,non-inundated source
ND,SC-B,ND SC-B,03,2017-11-28,-0.003181,-31.4851026195838,-0.3279554770630959,falling,0.4606241478564037,rising,7.4,2.8,2.5600000000000005,0,NA,72.6,12.408000000000001,0,0,0,NA,11.2,37.4,-2.9971237174072143,0.6502400000000002,0.5010286884200035,42.74145578875974,NA,FALSE,-3.061466175541315,-0.14706902831145596,non-inundated sink
ND,SC-C,ND SC-C,03,2017-11-28,-0.0033376,-60.1874867401112,-0.513934016423903,falling,-0.09869047512649587,falling,7.4,2.8,2.5600000000000005,0,NA,72.6,12.408000000000001,0,0,0,NA,11.2,47.1,0.06626370407614893,0.9337040000000001,0.4815274792860286,49.447392357965384,NA,FALSE,-3.0648165777922176,-0.14944386657823885,non-inundated sink
ND,SC-D,ND SC-D,03,2017-11-28,-0.0022514,-86.8579806093606,-0.7530492813161942,falling,-0.8178092761043985,falling,7.4,2.8,2.5600000000000005,0,NA,72.6,12.408000000000001,0,0,0,NA,11.3,30.6,2.718994477225549,1.1958320000000002,0.634990646871548,32.51892046082911,NA,FALSE,-3.0418055318569466,-0.1310642421343648,non-inundated sink
ND,SC-E,ND SC-E,03,2017-11-28,-0.0049821,-122.054737698712,-0.9879136081659965,falling,-1.5241437428429947,falling,7.4,2.8,2.5600000000000005,0,NA,72.6,12.408000000000001,0,0,0,NA,11.5,34,5.1251139229947915,1.543304,0.5894538144570676,36.580623449117596,NA,FALSE,-3.100695090526646,-0.17079329354438863,non-inundated sink
ND,SC-A,ND SC-A,04,2018-01-17,-0.0031909,1.08300469722221,0.8236009347221831,rising,13.76267148287691,rising,-0.2,-1.2,2.49,2.5,30.5,93,7.316,2.5,2.5,2.5,NA,0.1,68.3,-5.317065828108264,0.42468800000000034,0.11452989755397835,85.6394226843105,NA,TRUE,-3.0616776505159624,-0.14722144113083213,non-inundated sink
ND,SC-C,ND SC-C,04,2018-01-17,-0.0026061,-45.3015424789961,0.46624735395630523,rising,20.350341495198606,rising,-0.2,-1.2,2.49,2.5,30.5,93,7.316,2.5,2.5,2.5,NA,0.1,36.825,0.06626370407614893,0.9337040000000001,0.5842774792860286,38.660301986880576,NA,FALSE,-3.049261750545752,-0.13761434015411012,non-inundated sink
ND,SC-D,ND SC-D,04,2018-01-17,-1.19e-4,-68.4494071256066,0.28261905319359926,rising,24.787556281346497,rising,-0.2,-1.2,2.49,2.5,30.5,93,7.316,2.5,2.5,2.5,NA,0.1,30.7,2.718994477225549,1.1958320000000002,0.6339906468715482,32.625191442727235,NA,FALSE,-2.998115110255785,-0.04918684734458729,non-inundated sink
ND,SC-E,ND SC-E,04,2018-01-17,-0.0020699,-100.18615951183301,0.10225525555497939,rising,29.14588724907398,rising,-0.2,-1.2,2.49,2.5,30.5,93,7.316,2.5,2.5,2.5,NA,0.1,26.875,5.1251139229947915,1.543304,0.6607038144570676,28.9148310351481,NA,FALSE,-3.0380115794368088,-0.1274431375303064,non-inundated sink
ND,SC-C,ND SC-C,05,2018-02-08,-0.0046797,-13.8476871386361,3.2131706399075988,rising,11.3874769945336,rising,0.4,-5.3,2.42,9.4,NA,65.6,7.718,10.200000000000001,10.200000000000001,14.3,NA,4.75,47.666666666666664,0.06626370407614893,0.9337040000000001,0.47586081261936164,50.04230082936344,NA,FALSE,-3.0940002232502426,-0.1672653579485293,non-inundated sink
ND,SC-D,ND SC-D,05,2018-02-08,-0.0018564,-32.77148240188,4.535678428771497,rising,13.4021590397521,rising,0.4,-5.3,2.42,9.4,NA,65.6,7.718,10.200000000000001,10.200000000000001,14.3,NA,4.45,31.9,2.718994477225549,1.1958320000000002,0.6106573135382151,35.104847687017006,NA,FALSE,-3.0335670675370716,-0.12290150088990429,non-inundated sink
ND,SC-E,ND SC-E,05,2018-02-08,-0.0025649,-60.359259971555105,5.834674968055495,rising,15.381024515277801,rising,0.4,-5.3,2.42,9.4,NA,65.6,7.718,10.200000000000001,10.200000000000001,14.3,NA,4.716666666666667,30.1,5.1251139229947915,1.543304,0.6007871477904005,35.361269334147046,NA,FALSE,-3.048392817991527,-0.1368853001290813,non-inundated sink
ND,wetland_well,center,06,2018-03-08,0.10835775945000002,101.82981785959251,0.5377429687495123,rising,3.6082390921293097,rising,3.1,-4.1,0.76,14.2,NA,59.2,9.527000000000001,34,34,34,FALSE,NA,NA,NA,NA,NA,NA,NA,TRUE,-1.8428985053035043,0.47674557651400373,inundated
ND,SC-D,ND SC-D,06,2018-03-08,-0.0025123,-17.4154182606068,0.8298050858509001,rising,3.712437142214199,rising,3.1,-4.1,0.76,14.2,NA,59.2,9.527000000000001,34,34,34,NA,9.233333333333333,43.13333333333333,2.718994477225549,1.1958320000000002,0.5096573135382152,45.83821685872857,NA,FALSE,-3.0472845488426215,-0.13594309903392615,non-inundated sink
ND,SC-E,ND SC-E,06,2018-03-08,-0.0022635,-53.487893274795795,-0.8929631388888879,falling,3.607849615740811,rising,3.1,-4.1,0.76,14.2,NA,59.2,9.527000000000001,34,34,34,NA,9.3,35.7,5.1251139229947915,1.543304,0.5724538144570674,38.40965462157348,NA,FALSE,-3.042058974542031,-0.13129862144178978,non-inundated sink
ND,wetland_well,center,07,2018-04-11,0.20236580055000003,95.1523749975558,0.6268649876617474,rising,-1.2460588923611056,falling,5.1,-3.3,2.06,0,NA,54.6,10.867,0,0,0,FALSE,NA,NA,NA,NA,NA,NA,NA,TRUE,-1.3768756545241567,0.5871003957594616,inundated
ND,SC-C,ND SC-C,07,2018-04-11,0.00887973,1.25234595694446,-0.47885404305553014,falling,-2.83011247638888,falling,5.1,-3.3,2.06,0,NA,54.6,10.867,0,0,0,NA,14.733333333333333,68.3,0.06626370407614893,0.9337040000000001,0.2695274792860287,71.70396811144448,NA,TRUE,-2.832258390169856,0.2070776622870471,non-inundated source
ND,SC-D,ND SC-D,07,2018-04-11,-0.0024622,-24.339013761449397,0.6051243793320005,rising,-1.3278203202619991,falling,5.1,-3.3,2.06,0,NA,54.6,10.867,0,0,0,NA,14.4,38.53333333333333,2.718994477225549,1.1958320000000002,0.555657313538215,40.9497516914144,NA,FALSE,-3.0462300949404146,-0.13503337080842145,non-inundated sink
ND,SC-E,ND SC-E,07,2018-04-11,-0.0024623,-58.445195961832894,1.7325840183790007,rising,0.33799469166660145,rising,5.1,-3.3,2.06,0,NA,54.6,10.867,0,0,0,NA,13.433333333333334,27.53333333333333,5.1251139229947915,1.543304,0.6541204811237346,29.623132322520682,NA,FALSE,-3.046232198531771,-0.1350351988692717,non-inundated sink
ND,wetland_well,center,08,2018-05-02,0.2929439817,98.0580104864447,-0.9126671034722023,falling,-1.4085413604167911,falling,21.7,6.2,1.87,0,NA,36.6,21.989,0,0,4.3,FALSE,NA,NA,NA,NA,NA,NA,NA,TRUE,-1.0701881638130337,0.6641428885921097,inundated
ND,SC-D,ND SC-D,08,2018-05-02,-0.0022321,-21.507621728167102,-0.8738190054867019,falling,-1.3311276288747038,falling,21.7,6.2,1.87,0,NA,36.6,21.989,0,0,4.3,NA,29.666666666666668,38.36666666666667,2.718994477225549,1.1958320000000002,0.557323980204881,40.77263338825091,NA,FALSE,-3.0414014131913203,-0.13068865322559076,non-inundated sink
ND,SC-E,ND SC-E,08,2018-05-02,-0.0031701,-54.7783996847495,-1.1540008368056007,falling,-2.1938496847222027,falling,21.7,6.2,1.87,0,NA,36.6,21.989,0,0,4.3,NA,28.633333333333333,30.96666666666667,5.1251139229947915,1.543304,0.6197871477904006,33.31705802375518,NA,FALSE,-3.061233391172268,-0.14690085405742656,non-inundated sink
ND,wetland_well,center,09,2018-06-26,0.57463053885,81.98403666144469,-1.8956346951389094,falling,-4.2752115069444585,falling,21.7,16.3,2.1,0,NA,71.4,21.989,0,0,3.6,FALSE,NA,NA,NA,NA,NA,NA,NA,TRUE,-0.4705949418765954,0.8313736091937632,inundated
ND,SC-C,ND SC-C,09,2018-06-26,0.35023207,-7.49825027072618,-1.4358055406234795,falling,-1.79107039507132,falling,21.7,16.3,2.1,0,NA,71.4,21.989,0,0,3.6,NA,24.53333333333333,68.3,0.06626370407614893,0.9337040000000001,0.2695274792860287,71.70396811144448,NA,FALSE,-0.9157107251106025,0.7048855975189244,non-inundated source
ND,SC-D,ND SC-D,09,2018-06-26,-0.0029101,-37.923438701988,-2.014381187520293,falling,-4.581273430068997,falling,21.7,16.3,2.1,0,NA,71.4,21.989,0,0,3.6,NA,24.3,41.03333333333333,2.718994477225549,1.1958320000000002,0.5306573135382151,43.60652623886775,NA,FALSE,-3.055696738322048,-0.14276967502801066,non-inundated sink
ND,SC-E,ND SC-E,09,2018-06-26,-0.0029393,-76.8081402278051,-2.582671045138895,falling,-7.321872855555597,falling,21.7,16.3,2.1,0,NA,71.4,21.989,0,0,3.6,NA,24.366666666666667,30.966666666666665,5.1251139229947915,1.543304,0.6197871477904006,33.31705802375518,NA,FALSE,-3.0563170211654125,-0.14324560462946415,non-inundated sink
ND,wetland_well,center,10,2018-07-22,0.5480769595500001,41.308468069778,14.633991097916653,rising,6.824104327083305,rising,23.9,21.9,0.6900000000000001,0.5,NA,88.6,23.463,18.8,18.8,18.8,FALSE,NA,NA,NA,NA,NA,NA,NA,TRUE,-0.5140358384123176,0.8183652537309601,inundated
ND,SC-A,ND SC-A,10,2018-07-22,0.1357614,3.44054068611113,11.683508891116162,rising,1.52430436527778,rising,23.9,21.9,0.6900000000000001,0.5,NA,88.6,23.463,18.8,18.8,18.8,NA,25.5,68.3,-5.317065828108264,0.42468800000000034,NA,NA,72.3517001333705,TRUE,-1.6832922244545818,0.5139554029750806,non-inundated source
ND,SC-B,ND SC-B,10,2018-07-22,0.00302488,-20.7643850881398,13.564525558865501,rising,3.6981778765651008,rising,23.9,21.9,0.6900000000000001,0.5,NA,88.6,23.463,18.8,18.8,18.8,NA,25.466666666666665,63.833333333333336,-2.9971237174072143,0.6502400000000002,NA,NA,61.68377605816616,FALSE,-2.9369940416174027,0.14462256177308158,non-inundated source
ND,SC-C,ND SC-C,10,2018-07-22,-0.0061062,-51.181708445986295,15.249711181870403,rising,6.072577429152304,rising,23.9,21.9,0.6900000000000001,0.5,NA,88.6,23.463,18.8,18.8,18.8,NA,25.4,38.7,0.06626370407614893,0.9337040000000001,NA,NA,48.27783963105939,FALSE,-3.1259821989432535,-0.18277789651137694,non-inundated sink
ND,SC-D,ND SC-D,10,2018-07-22,-0.0050407,-80.057124191789,17.416378411448107,rising,9.125376853907198,rising,23.9,21.9,0.6900000000000001,0.5,NA,88.6,23.463,18.8,18.8,18.8,NA,25.333333333333332,26.966666666666665,2.718994477225549,1.1958320000000002,NA,NA,35.551473696738896,FALSE,-3.1019976429129237,-0.17146031488889055,non-inundated sink
ND,SC-E,ND SC-E,10,2018-07-22,-0.0043682,-117.41960454655501,19.544527112499992,rising,12.123904288889008,rising,23.9,21.9,0.6900000000000001,0.5,NA,88.6,23.463,18.8,18.8,18.8,NA,25.5,25.633333333333333,5.1251139229947915,1.543304,NA,NA,19.08457322353171,FALSE,-3.087150437089112,-0.16346853537612296,non-inundated sink
ND,wetland_well,center,11,2018-09-05,1.2847143267,21.448878163296598,-1.6733129656607026,falling,-11.941552623842554,falling,28,23.7,2.15,0,NA,77.5,26.21,0,0.5,0.8,FALSE,NA,NA,NA,NA,NA,NA,NA,TRUE,0.2887172814629864,1.0870983980130076,inundated
ND,SC-A,ND SC-A,11,2018-09-05,0.00340924,-15.8107619707861,-2.0259602812257,falling,-13.55262661656923,falling,28,23.7,2.15,0,NA,77.5,26.21,0,0.5,0.8,NA,29.566666666666666,68.3,-5.317065828108264,0.42468800000000034,0.11452989755397835,85.6394226843105,NA,FALSE,-2.929771514276728,0.15050555344974423,non-inundated source
ND,SC-B,ND SC-B,11,2018-09-05,0.00468615,-41.0930928458563,-1.9317596765184035,falling,-13.364430477733194,falling,28,23.7,2.15,0,NA,77.5,26.21,0,0.5,0.8,NA,29.233333333333334,64,-2.9971237174072143,0.6502400000000002,0.23502868842000346,73.14045910375998,NA,FALSE,-2.9061448008832866,0.1673421695871201,non-inundated source
ND,SC-C,ND SC-C,11,2018-09-05,-0.0027888,-72.3406959044418,-1.8315462672555043,falling,-13.164221819397206,falling,28,23.7,2.15,0,NA,77.5,26.21,0,0.5,0.8,NA,29.366666666666667,37.6,0.06626370407614893,0.9337040000000001,0.5765274792860287,39.47392680805729,NA,FALSE,-3.053124126403411,-0.14075779554617504,non-inundated sink
ND,SC-D,ND SC-D,11,2018-09-05,-0.0033704,-102.28361412262299,-1.7027004553460046,falling,-12.906810687250797,falling,28,23.7,2.15,0,NA,77.5,26.21,0,0.5,0.8,NA,29.7,16.333333333333332,2.718994477225549,1.1958320000000002,0.7776573135382151,17.35759371002857,NA,FALSE,-3.0655197463672614,-0.14993182086725274,non-inundated sink
ND,SC-E,ND SC-E,11,2018-09-05,-0.00364,-140.694619128037,-1.576145235648994,falling,-12.653975753010002,falling,28,23.7,2.15,0,NA,77.5,26.21,0,0.5,0.8,NA,30.833333333333332,18.1,5.1251139229947915,1.543304,0.7484538144570675,19.473802483206722,NA,FALSE,-3.0713182605105858,-0.1538274336196236,non-inundated sink
ND,wetland_well,center,12,2018-09-29,0.14543711055000003,73.1760042527454,2.129951682967402,rising,24.948617959819202,rising,18.7,14.6,2.07,0,NA,77.1,19.979,5.6,6.8999999999999995,7.699999999999999,FALSE,NA,NA,NA,NA,NA,NA,NA,TRUE,-1.6325166364747288,0.5258861654103909,inundated
ND,SC-B,ND SC-B,12,2018-09-29,0.1244774,3.26771544356851,1.9694923324573799,rising,18.675852348601712,rising,18.7,14.6,2.07,0,NA,77.1,19.979,5.6,6.8999999999999995,7.699999999999999,NA,NA,NA,-2.9971237174072143,0.6502400000000002,NA,NA,70.92882467021498,TRUE,-1.745960058621157,0.49930222667776447,non-inundated source
ND,SC-C,ND SC-C,12,2018-09-29,-0.0020830000000000002,-22.5090669443508,1.9100888471147996,rising,22.1241500668957,rising,18.7,14.6,2.07,0,NA,77.1,19.979,5.6,6.8999999999999995,7.699999999999999,NA,NA,NA,0.06626370407614893,0.9337040000000001,NA,NA,59.568130570920744,FALSE,-3.038284931475244,-0.12771142672954008,non-inundated sink
ND,SC-D,ND SC-D,12,2018-09-29,-0.0024823,-44.987593398585204,2.1019554209524998,rising,26.98815517779269,rising,18.7,14.6,2.07,0,NA,77.1,19.979,5.6,6.8999999999999995,7.699999999999999,NA,NA,NA,2.718994477225549,1.1958320000000002,NA,NA,49.66108868313516,FALSE,-3.0466530057724985,-0.13539982065261227,non-inundated sink
ND,SC-E,ND SC-E,12,2018-09-29,-0.0035649,-76.06690693807761,2.2904110334774828,rising,31.765689086718396,rising,18.7,14.6,2.07,0,NA,77.1,19.979,5.6,6.8999999999999995,7.699999999999999,NA,NA,NA,5.1251139229947915,1.543304,NA,NA,35.963390940079975,FALSE,-3.069699640208514,-0.15276215769291668,non-inundated sink
QB,wetland_well,center,01,2017-10-17,7.86452436945,24.757311446471448,-0.9684649122500524,falling,-3.255883204552653,falling,9.6,3.2,2.42,0.8,NA,64.4,13.882000000000001,3.8,4.3,5.8,FALSE,NA,NA,NA,NA,NA,NA,NA,TRUE,2.0686995992279296,1.988646029773403,inundated
QB,SC-A,QB SC-A,01,2017-10-17,2.02808898,-0.682358826852916,-0.517020644463672,falling,-2.358936711702766,falling,9.6,3.2,2.42,0.8,NA,64.4,13.882000000000001,3.8,4.3,5.8,NA,NA,NA,-6.395081663592008,0.24079200000000028,NA,NA,63.84528624196048,FALSE,0.7314487117795341,1.2657919665957782,non-inundated source
QB,SC-B,QB SC-B,01,2017-10-17,0.0044823,-22.9539814938354,-0.7069029918763015,falling,-2.697749972448399,falling,9.6,3.2,2.42,0.8,NA,64.4,13.882000000000001,3.8,4.3,5.8,NA,NA,NA,-1.5178183847664206,0.4693920000000003,NA,NA,48.903131392045204,FALSE,-2.9098794007045465,0.16487961834504844,non-inundated source
QB,SC-C,QB SC-C,01,2017-10-17,0.00399967,-46.4055790052833,-0.9094441624495957,falling,-3.1138254296665053,falling,9.6,3.2,2.42,0.8,NA,64.4,13.882000000000001,3.8,4.3,5.8,NA,NA,NA,-0.329292469738713,0.7101840000000004,NA,NA,33.169324891568095,FALSE,-2.9187773435476467,0.15873573972387434,non-inundated source
QB,SC-D,QB SC-D,01,2017-10-17,0.00241895,-54.007576516731305,-1.111985333023,falling,-3.5299008868848105,falling,9.6,3.2,2.42,0.8,NA,64.4,13.882000000000001,3.8,4.3,5.8,NA,NA,NA,7.797058671170745,0.7924800000000002,NA,NA,28.069102708245836,FALSE,-2.9484871118101914,0.13423804868022654,non-inundated source
QB,SC-E,QB SC-E,01,2017-10-17,-0.0016214,-89.3071488726447,-1.3271853267572027,falling,-3.971981060179104,falling,9.6,3.2,2.42,0.8,NA,64.4,13.882000000000001,3.8,4.3,5.8,NA,NA,NA,14.145476644255927,1.1521440000000005,NA,NA,4.386424343737172,FALSE,-3.028697711796467,-0.1174798516833357,non-inundated sink
QB,wetland_well,center,02,2017-11-01,6.519913398,30.2225389296673,-0.8014565559085938,falling,11.356158208420851,rising,11.8,8.3,2.32,0,NA,79.1,15.356000000000002,0,49.5,49.8,FALSE,NA,NA,NA,NA,NA,NA,NA,TRUE,1.8825006509788975,1.8681594554964116,inundated
QB,SC-A,QB SC-A,02,2017-11-01,0.14585228,0.680162653522892,-0.18933835685101597,falling,5.939789730119622,rising,11.8,8.3,2.32,0,NA,79.1,15.356000000000002,0,49.5,49.8,NA,NA,NA,-6.395081663592008,0.24079200000000028,NA,NA,66.48085047566799,TRUE,-1.630394577375639,0.5263860938575625,non-inundated source
QB,SC-B,QB SC-B,02,2017-11-01,-0.0041387,-19.8777517851038,-0.4350446360915008,falling,8.2203669163166,rising,11.8,8.3,2.32,0,NA,79.1,15.356000000000002,0,49.5,49.8,NA,NA,NA,-1.5178183847664206,0.4693920000000003,NA,NA,52.688431956084294,FALSE,-3.0821336548106713,-0.16055406866800326,non-inundated sink
QB,SC-C,QB SC-C,02,2017-11-01,-0.0044481,-41.4480741150193,-0.7197079434005005,falling,10.706302319546296,rising,11.8,8.3,2.32,0,NA,79.1,15.356000000000002,0,49.5,49.8,NA,NA,NA,-0.329292469738713,0.7101840000000004,NA,NA,38.21678338177539,FALSE,-3.088902943742156,-0.16445920281201268,non-inundated sink
QB,SC-D,QB SC-D,02,2017-11-01,-0.0024571,-47.1687964449348,-1.0043712507094966,falling,13.192237722776007,rising,11.8,8.3,2.32,0,NA,79.1,15.356000000000002,0,49.5,49.8,NA,NA,NA,7.797058671170745,0.7924800000000002,NA,NA,34.378719124621426,FALSE,-3.046122817648495,-0.13494007399742589,non-inundated sink
QB,SC-E,QB SC-E,02,2017-11-01,-0.0055972,-80.46951392047,-1.3068260147253028,falling,15.833544088707598,rising,11.8,8.3,2.32,0,NA,79.1,15.356000000000002,0,49.5,49.8,NA,NA,NA,14.145476644255927,1.1521440000000005,NA,NA,12.037083556666506,FALSE,-3.114452748469286,-0.1775511986142914,non-inundated sink
QB,wetland_well,center,03,2017-11-28,5.345315851050001,35.1817199393365,-0.4749377970548494,falling,-2.110429632426097,falling,7.4,2.8,2.5600000000000005,0,NA,72.6,12.408000000000001,0,0,0,FALSE,NA,NA,NA,NA,NA,NA,NA,TRUE,1.6855311421400496,1.74846841245176,inundated
QB,SC-B,QB SC-B,03,2017-11-28,0.02889153,-15.763738223823301,-0.31320274181200247,falling,-1.523564464561101,falling,7.4,2.8,2.5600000000000005,0,NA,72.6,12.408000000000001,0,0,0,NA,8.3,48.2,-1.5178183847664206,0.4693920000000003,0.4974253710832767,49.212529533198854,NA,FALSE,-2.539681407970161,0.3068481531814093,non-inundated source
QB,SC-C,QB SC-C,03,2017-11-28,-0.004881,-36.8039484284211,-0.4273278552564008,falling,-1.917509705111705,falling,7.4,2.8,2.5600000000000005,0,NA,72.6,12.408000000000001,0,0,0,NA,8.1,42,-0.329292469738713,0.7101840000000004,0.5538228448532676,43.12899437713275,NA,FALSE,-3.098451835158506,-0.1696301069430631,non-inundated sink
QB,SC-D,QB SC-D,03,2017-11-28,-0.0030078,-41.994558633018904,-0.5414529687008027,falling,-2.3114549456624047,falling,7.4,2.8,2.5600000000000005,0,NA,72.6,12.408000000000001,0,0,0,NA,8,28.3,7.797058671170745,0.7924800000000002,0.6849559146942881,29.236868715181167,NA,FALSE,-3.057773648491348,-0.14434984382073757,non-inundated sink
QB,SC-E,QB SC-E,03,2017-11-28,-0.002367,-74.732031975404,-0.6627109017353945,falling,-2.7300217637473025,falling,7.4,2.8,2.5600000000000005,0,NA,72.6,12.408000000000001,0,0,0,NA,7.8,12.8,14.145476644255927,1.1521440000000005,0.8340889845353087,13.304382656644211,NA,FALSE,-3.0442294806395402,-0.13327010891367325,non-inundated sink
QB,SC-C,QB SC-C,04,2018-01-17,0.01132454,-28.774327470312898,-0.0995246551476967,falling,18.372053010129306,rising,-0.2,-1.2,2.49,2.5,30.5,93,7.316,2.5,2.5,2.5,NA,1.5,31.275,-0.329292469738713,0.7101840000000004,0.6610728448532677,32.11569759868635,NA,FALSE,-2.791575189884877,0.2245640282118236,non-inundated source
QB,SC-D,QB SC-D,04,2018-01-17,-3.95e-4,-32.7558239901727,-0.23309229406149967,falling,20.010227495622296,rising,-0.2,-1.2,2.49,2.5,30.5,93,7.316,2.5,2.5,2.5,NA,0.3,23.75,7.797058671170745,0.7924800000000002,0.7304559146942882,24.536241412917054,NA,FALSE,-3.0036636438802713,-0.07337233921242782,non-inundated sink
QB,SC-E,QB SC-E,04,2018-01-17,-0.0017667,-64.2086140425237,-0.37500791040740467,falling,21.750787886458596,rising,-0.2,-1.2,2.49,2.5,30.5,93,7.316,2.5,2.5,2.5,NA,0.15000000000000002,16.85,14.145476644255927,1.1521440000000005,0.7935889845353087,17.513972481598042,NA,FALSE,-3.0317056250980507,-0.12088922767490441,non-inundated sink
QB,SC-C,QB SC-C,05,2018-02-08,-0.0019738,-14.8211620526804,2.743796287125001,rising,6.7968143969129,rising,0.4,-5.3,2.42,9.4,NA,65.6,7.718,10.200000000000001,10.200000000000001,14.3,NA,0.3333333333333333,50.35,-0.329292469738713,0.7101840000000004,0.4551561781866006,53.260885119697306,NA,FALSE,-3.036008583653741,-0.12543951943667417,non-inundated sink
QB,SC-D,QB SC-D,05,2018-02-08,-0.0012901,-16.259240239603102,3.8690447015238973,rising,9.0040760619971,rising,0.4,-5.3,2.42,9.4,NA,65.6,7.718,10.200000000000001,10.200000000000001,14.3,NA,0.9166666666666666,35.33333333333333,7.797058671170745,0.7924800000000002,0.593622581360955,38.67256014976257,NA,FALSE,-3.0218729841323295,-0.10886153615952017,non-inundated sink
QB,SC-E,QB SC-E,05,2018-02-08,-0.0047269,-45.0096483132084,5.064621141822691,rising,11.349291581148996,rising,0.4,-5.3,2.42,9.4,NA,65.6,7.718,10.200000000000001,10.200000000000001,14.3,NA,1.1333333333333333,23.916666666666668,14.145476644255927,1.1521440000000005,0.6774223178686416,29.588392679099396,NA,FALSE,-3.095042241858018,-0.16782583045668475,non-inundated sink
QB,wetland_well,center,06,2018-03-08,0.32115341565000005,79.56502975510705,2.324076426388899,rising,5.854614978935146,rising,3.1,-4.1,0.76,14.2,NA,59.2,9.527000000000001,34,34,34,FALSE,NA,NA,NA,NA,NA,NA,NA,TRUE,-0.9911397825779958,0.6848111903655855,inundated
QB,SC-D,QB SC-D,06,2018-03-08,-2.8e-4,-1.22174680781942,2.24406923888188,rising,5.455436388005411,rising,3.1,-4.1,0.76,14.2,NA,59.2,9.527000000000001,34,34,34,NA,9.966666666666667,68.3,7.797058671170745,0.7924800000000002,0.28495591469428816,70.56106477904146,NA,FALSE,-3.001348012339627,-0.0654213262037718,non-inundated sink
QB,SC-E,QB SC-E,06,2018-03-08,-0.0016171,-29.744637762264098,2.190096732425701,rising,6.747061455848403,rising,3.1,-4.1,0.76,14.2,NA,59.2,9.527000000000001,34,34,34,NA,11.166666666666666,30.2,14.145476644255927,1.1521440000000005,0.6600889845353086,31.39002783051993,NA,FALSE,-3.028608833471868,-0.11737590641162182,non-inundated sink
QB,wetland_well,center,07,2018-04-11,0.4867685901,70.2253918507089,-0.4584137097221941,falling,-2.4427250972222083,falling,5.1,-3.3,2.06,0,NA,54.6,10.867,0,0,0,FALSE,NA,NA,NA,NA,NA,NA,NA,TRUE,-0.6221882082631582,0.7866366600299912,inundated
QB,SC-C,QB SC-C,07,2018-04-11,0.20393472,-6.3361616671131,-0.30276179091719957,falling,-1.64903083566821,falling,5.1,-3.3,2.06,0,NA,54.6,10.867,0,0,0,NA,10.1,68.3,-0.329292469738713,0.7101840000000004,0.2908228448532677,70.13595990376588,NA,FALSE,-1.3706780528697997,0.5886137328259319,non-inundated source
QB,SC-D,QB SC-D,07,2018-04-11,0.01292819,-9.8658172606503,-0.4004135550423289,falling,-2.2535903498100396,falling,5.1,-3.3,2.06,0,NA,54.6,10.867,0,0,0,NA,10.7,68.3,7.797058671170745,0.7924800000000002,0.28495591469428816,70.56106477904146,NA,FALSE,-2.76576104397357,0.2346997221033371,non-inundated source
QB,SC-E,QB SC-E,07,2018-04-11,-0.0020293,-40.8385263287836,-0.5041685544253056,falling,-2.895934833585798,falling,5.1,-3.3,2.06,0,NA,54.6,10.867,0,0,0,NA,10.966666666666667,22.4,14.145476644255927,1.1521440000000005,0.7380889845353087,23.282669649127367,NA,FALSE,-3.0371648711210164,-0.12660438612600805,non-inundated sink
QB,wetland_well,center,08,2018-05-02,1.39044815595,71.55278049445896,-0.8237248590277346,falling,-1.4717958666666533,falling,21.7,6.2,1.87,0,NA,36.6,21.989,0,0,4.3,FALSE,NA,NA,NA,NA,NA,NA,NA,TRUE,0.3649542845789166,1.1161389572173892,inundated
QB,SC-C,QB SC-C,08,2018-05-02,0.15927459,-5.3455025896269,-0.53645270539233,falling,-0.8456224432470503,falling,21.7,6.2,1.87,0,NA,36.6,21.989,0,0,4.3,NA,24.866666666666667,68.3,-0.329292469738713,0.7101840000000004,0.2908228448532677,70.13595990376588,NA,FALSE,-1.5641080615826022,0.5420618362386067,non-inundated source
QB,SC-D,QB SC-D,08,2018-05-02,0.02745559,-8.63954375711854,-0.7659106367983304,falling,-1.35196783006307,falling,21.7,6.2,1.87,0,NA,36.6,21.989,0,0,4.3,NA,24.433333333333334,68.3,7.797058671170745,0.7924800000000002,0.28495591469428816,70.56106477904146,NA,FALSE,-2.558050539126633,0.3016779676213016,non-inundated source
QB,SC-E,QB SC-E,08,2018-05-02,-0.0019407,-39.3619124975784,-1.009709688917198,falling,-1.8899598035551008,falling,21.7,6.2,1.87,0,NA,36.6,21.989,0,0,4.3,NA,24.066666666666666,26.03333333333333,14.145476644255927,1.1521440000000005,0.7017556512019757,27.059174101143526,NA,FALSE,-3.0353196139068115,-0.12473436925564146,non-inundated sink
QB,wetland_well,center,09,2018-06-26,6.1326629928,60.31213784168115,-1.6074221673611007,falling,-2.402308070138851,falling,21.7,16.3,2.1,0,NA,71.4,21.989,0,0,3.6,FALSE,NA,NA,NA,NA,NA,NA,NA,TRUE,1.821749083640527,1.8304155637813668,inundated
QB,SC-C,QB SC-C,09,2018-06-26,3.17710552,-13.6045736879665,-1.0739129142351,falling,-1.9425533863281004,falling,21.7,16.3,2.1,0,NA,71.4,21.989,0,0,3.6,NA,24.325000000000003,68.3,-0.329292469738713,0.7101840000000004,0.2908228448532677,70.13595990376588,NA,FALSE,1.1715856116365533,1.4700898521288288,non-inundated source
QB,SC-D,QB SC-D,09,2018-06-26,0.02757769,-18.7954489871935,-1.5341367645204969,falling,-2.223679051766201,falling,21.7,16.3,2.1,0,NA,71.4,21.989,0,0,3.6,NA,23.833333333333332,58,7.797058671170745,0.7924800000000002,0.38795591469428814,59.92008429259744,NA,FALSE,-2.556475393129012,0.3021245119079451,non-inundated source
QB,SC-E,QB SC-E,09,2018-06-26,-0.0036264,-51.5332039926221,-2.0231246054486007,falling,-2.5223750712940998,falling,21.7,16.3,2.1,0,NA,71.4,21.989,0,0,3.6,NA,23.633333333333333,22.766666666666666,14.145476644255927,1.1521440000000005,0.7344223178686416,23.663784777312525,NA,FALSE,-3.0710249471894704,-0.15363561457142538,non-inundated sink
QB,wetland_well,center,10,2018-07-22,0.15040830195000002,39.5895685770978,22.36453090625,rising,17.4833295451389,rising,23.9,21.9,0.6900000000000001,0.5,NA,88.6,23.463,18.8,18.8,18.8,FALSE,NA,NA,NA,NA,NA,NA,NA,TRUE,-1.6073984837332898,0.5318109429018854,inundated
QB,SC-B,QB SC-B,10,2018-07-22,0.03579793,-13.7166045912616,17.0729238817888,rising,12.796339387290999,rising,23.9,21.9,0.6900000000000001,0.5,NA,88.6,23.463,18.8,18.8,18.8,NA,25.633333333333333,62.9,-1.5178183847664206,0.4693920000000003,NA,NA,57.93447559796372,FALSE,-2.45576039865338,0.32957376865935295,non-inundated source
QB,SC-C,QB SC-C,10,2018-07-22,-0.0046383,-33.005986535209395,19.867158632541205,rising,16.050856972402308,rising,23.9,21.9,0.6900000000000001,0.5,NA,88.6,23.463,18.8,18.8,18.8,NA,25.6,32.86666666666667,-0.329292469738713,0.7101840000000004,NA,NA,44.99312254635517,FALSE,-3.0930871423107766,-0.16677064622712676,non-inundated sink
QB,SC-D,QB SC-D,10,2018-07-22,-0.0039432,-36.445768479157195,22.6613933832935,rising,19.30537455751361,rising,23.9,21.9,0.6900000000000001,0.5,NA,88.6,23.463,18.8,18.8,18.8,NA,25.6,31.333333333333332,7.797058671170745,0.7924800000000002,NA,NA,42.68535381190155,FALSE,-3.0778798616014194,-0.15798515055658074,non-inundated sink
QB,SC-E,QB SC-E,10,2018-07-22,-0.0055552,-67.3229867946018,25.630267805967804,rising,22.763299491694298,rising,23.9,21.9,0.6900000000000001,0.5,NA,88.6,23.463,18.8,18.8,18.8,NA,25.8,16.9,14.145476644255927,1.1521440000000005,NA,NA,21.969657236815692,FALSE,-3.113507309242374,-0.17710598310824838,non-inundated sink
QB,wetland_well,center,11,2018-09-05,0.35051860755,5.314519233810779,-2.057822105324081,falling,-14.716093900925921,falling,28,23.7,2.15,0,NA,77.5,26.21,0,0.5,0.8,FALSE,NA,NA,NA,NA,NA,NA,NA,TRUE,-0.9149950527539913,0.7050777759372873,inundated
QB,SC-A,QB SC-A,11,2018-09-05,0.06309113,-19.4049423128447,-1.6055438832276998,falling,-11.39056824884614,falling,28,23.7,2.15,0,NA,77.5,26.21,0,0.5,0.8,NA,27.599999999999998,65.6,-6.395081663592008,0.24079200000000028,0.3290278973132861,66.59709859885933,NA,FALSE,-2.179561325107085,0.3980974862836048,non-inundated source
QB,SC-B,QB SC-B,11,2018-09-05,-0.0017472,-40.9489005400464,-1.6689290041828997,falling,-11.996546552714399,falling,28,23.7,2.15,0,NA,77.5,26.21,0,0.5,0.8,NA,27.5,34.93333333333333,-1.5178183847664206,0.4693920000000003,0.6300920377499437,35.66717216513994,NA,FALSE,-3.0313014217927976,-0.12044280844030314,non-inundated sink
QB,SC-C,QB SC-C,11,2018-09-05,-0.0021496,-63.624322649061504,-1.7365397998684102,falling,-12.6429234101739,falling,28,23.7,2.15,0,NA,77.5,26.21,0,0.5,0.8,NA,27.433333333333334,13.6,-0.329292469738713,0.7101840000000004,0.8378228448532676,13.965579131642986,NA,FALSE,-3.0396758016614784,-0.1290582834600851,non-inundated sink
QB,SC-D,QB SC-D,11,2018-09-05,-0.0024463,-70.4501447580766,-1.8041505955538923,falling,-13.289300267633408,falling,28,23.7,2.15,0,NA,77.5,26.21,0,0.5,0.8,NA,27.3,19.266666666666666,7.797058671170745,0.7924800000000002,0.7752892480276211,19.904487770759417,NA,FALSE,-3.0458956801893975,-0.13474207727268614,non-inundated sink
QB,SC-E,QB SC-E,11,2018-09-05,-0.0018076,-104.925030748905,-1.8759870659700084,falling,-13.976075678683998,falling,28,23.7,2.15,0,NA,77.5,26.21,0,0.5,0.8,NA,27.1,14.466666666666667,14.145476644255927,1.1521440000000005,0.8174223178686417,15.036724148394793,NA,FALSE,-3.0325539467063525,-0.12181500224593608,non-inundated sink
QB,wetland_well,center,12,2018-09-29,1.18022177385,40.10251581289485,-0.18848203711964828,falling,15.3886497411211,rising,18.7,14.6,2.07,0,NA,77.1,19.979,5.6,6.8999999999999995,7.699999999999999,FALSE,NA,NA,NA,NA,NA,NA,NA,TRUE,0.2071944570746133,1.0567880025985248,inundated
QB,SC-B,QB SC-B,12,2018-09-29,0.13338046,-12.0559770868447,0.03485352459759916,rising,13.1753465328435,rising,18.7,14.6,2.07,0,NA,77.1,19.979,5.6,6.8999999999999995,7.699999999999999,NA,NA,NA,-1.5178183847664206,0.4693920000000003,NA,NA,57.70189420513984,FALSE,-1.6961922679111345,0.510933137187759,non-inundated source
QB,SC-C,QB SC-C,12,2018-09-29,-0.0012776,-32.3232814769896,-0.1356895319147,falling,14.218446446592303,rising,18.7,14.6,2.07,0,NA,77.1,19.979,5.6,6.8999999999999995,7.699999999999999,NA,NA,NA,-0.329292469738713,0.7101840000000004,NA,NA,44.10444757468543,FALSE,-3.021616395710039,-0.10850880176637087,non-inundated sink
QB,SC-D,QB SC-D,12,2018-09-29,-0.0016806,-36.7409858671345,-0.30623258842700096,falling,15.2615463603412,rising,18.7,14.6,2.07,0,NA,77.1,19.979,5.6,6.8999999999999995,7.699999999999999,NA,NA,NA,7.797058671170745,0.7924800000000002,NA,NA,41.14058526138596,FALSE,-3.029922142651215,-0.1188925895659373,non-inundated sink
QB,SC-E,QB SC-E,12,2018-09-29,-0.002056,-68.65724678166349,-0.4874345859712861,falling,16.36984001869932,rising,18.7,14.6,2.07,0,NA,77.1,19.979,5.6,6.8999999999999995,7.699999999999999,NA,NA,NA,14.145476644255927,1.1521440000000005,NA,NA,19.727789258776404,FALSE,-3.037721615826253,-0.127157223594684,non-inundated sink
TB,wetland_well,center,01,2017-10-17,0.7707437509500001,8.164623729903301,-2.03496565060391,falling,-2.524153053360923,falling,9.6,3.2,2.42,0.8,NA,64.4,13.882000000000001,3.8,4.3,5.8,FALSE,NA,NA,NA,NA,NA,NA,NA,TRUE,-0.19754433645823521,0.916860657208483,inundated
TB,SC-A,TB SC-A,01,2017-10-17,-9.94e-4,-54.237809980528894,-1.3685468417528952,falling,-0.7609141730237923,falling,9.6,3.2,2.42,0.8,NA,64.4,13.882000000000001,3.8,4.3,5.8,NA,NA,NA,-4.26073610392988,0.6187440000000001,NA,NA,52.531103231269924,FALSE,-3.015812539388183,-0.09979959866130977,non-inundated sink
TB,SC-C,TB SC-C,01,2017-10-17,-0.0029124,-78.360551385903,-1.4996545181326866,falling,-0.9227017559584993,falling,9.6,3.2,2.42,0.8,NA,64.4,13.882000000000001,3.8,4.3,5.8,NA,NA,NA,-0.14442706705694394,0.8382000000000001,NA,NA,43.86261171765779,FALSE,-3.055745582260366,-0.14280727783447703,non-inundated sink
TB,SC-E,TB SC-E,01,2017-10-17,-0.0115096,-111.687582454469,-1.6711030180139943,falling,-1.134270133642005,falling,9.6,3.2,2.42,0.8,NA,64.4,13.882000000000001,3.8,4.3,5.8,NA,NA,NA,5.240330827021006,1.143,NA,NA,31.886564669895954,FALSE,-3.257346419430791,-0.2257806627559428,non-inundated sink
TB,wetland_well,center,02,2017-11-01,1.13548848705,25.18411068921725,-1.0676117604217268,falling,26.250381091262994,rising,11.8,8.3,2.32,0,NA,79.1,15.356000000000002,0,49.5,49.8,FALSE,NA,NA,NA,NA,NA,NA,NA,TRUE,0.1701549150042137,1.0432640568249556,inundated
TB,SC-A,TB SC-A,02,2017-11-01,-0.0028386,-43.2568551292369,-0.06675781552199567,falling,23.091135843902407,rising,11.8,8.3,2.32,0,NA,79.1,15.356000000000002,0,49.5,49.8,NA,NA,NA,-4.26073610392988,0.6187440000000001,NA,NA,58.19854328633842,FALSE,-3.054179517578868,-0.14159070129496107,non-inundated sink
TB,SC-C,TB SC-C,02,2017-11-01,-0.0040873,-65.8243507698976,-0.07598407351530057,falling,23.396935313756188,rising,11.8,8.3,2.32,0,NA,79.1,15.356000000000002,0,49.5,49.8,NA,NA,NA,-0.14442706705694394,0.8382000000000001,NA,NA,50.088928331838915,FALSE,-3.081013511733669,-0.159886638451214,non-inundated sink
TB,SC-E,TB SC-E,02,2017-11-01,-0.0014247,-97.1175989153769,-0.08804918012189944,falling,23.79682692818011,rising,11.8,8.3,2.32,0,NA,79.1,15.356000000000002,0,49.5,49.8,NA,NA,NA,5.240330827021006,1.143,NA,NA,38.843719861378204,FALSE,-3.0246401077212353,-0.11252295827746646,non-inundated sink
TB,wetland_well,center,03,2017-11-28,3.3708510436500005,40.8281965779274,-0.8770055706216979,falling,-2.833127321810899,falling,7.4,2.8,2.5600000000000005,0,NA,72.6,12.408000000000001,0,0,0,FALSE,NA,NA,NA,NA,NA,NA,NA,TRUE,1.2298893632907018,1.499385087756401,inundated
TB,SC-A,TB SC-A,03,2017-11-28,-0.0025257,-23.6126133280039,-0.3723005345402015,falling,-0.6845602456350015,falling,7.4,2.8,2.5600000000000005,0,NA,72.6,12.408000000000001,0,0,0,NA,14.8,58.5,-4.26073610392988,0.6187440000000001,0.3027112170265872,65.89980939516269,NA,FALSE,-3.0475667669949122,-0.1361843664469903,non-inundated sink
TB,SC-C,TB SC-C,03,2017-11-28,-0.0042023,-47.047968987941104,-0.5436311892267014,falling,-1.3450931767462038,falling,7.4,2.8,2.5600000000000005,0,NA,72.6,12.408000000000001,0,0,0,NA,14.7,45.4,-0.14442706705694394,0.8382000000000001,0.47642488867021215,48.79491139245735,NA,FALSE,-3.083521407463592,-0.16137231070331098,non-inundated sink
TB,SC-E,TB SC-E,03,2017-11-28,-0.0021061,-79.476111004782,-0.767678968431909,falling,-2.208867009737702,falling,7.4,2.8,2.5600000000000005,0,NA,72.6,12.408000000000001,0,0,0,NA,14.8,34,5.240330827021006,1.143,0.564867957893332,37.57454300753127,NA,FALSE,-3.0387671313178006,-0.1281817892216197,non-inundated sink
TB,SC-A,TB SC-A,04,2018-01-17,-0.0025606,-13.846513792481598,1.0615251012749027,rising,17.790521244619402,rising,-0.2,-1.2,2.49,2.5,30.5,93,7.316,2.5,2.5,2.5,NA,0.4,68.3,-4.26073610392988,0.6187440000000001,0.20471121702658723,76.93943558443782,NA,FALSE,-3.048302171927454,-0.13680876224896202,non-inundated sink
TB,SC-C,TB SC-C,04,2018-01-17,0.0069552,-35.7903574858102,0.7454365722307017,rising,18.5682691845601,rising,-0.2,-1.2,2.49,2.5,30.5,93,7.316,2.5,2.5,2.5,NA,0.3,46.675,-0.14442706705694394,0.8382000000000001,0.4636748886702121,50.16525306702526,NA,FALSE,-2.8654902850922257,0.1908841525866219,non-inundated source
TB,SC-E,TB SC-E,04,2018-01-17,-0.0055204,-66.268060777086,0.3320900342497879,rising,19.58532418294419,rising,-0.2,-1.2,2.49,2.5,30.5,93,7.316,2.5,2.5,2.5,NA,0,38.725,5.240330827021006,1.143,0.517617957893332,42.79629935196025,NA,FALSE,-3.112724621886001,-0.17673538721255902,non-inundated sink
TB,SC-B,TB SC-B,04,2018-01-17,9.26e-4,-21.1609937067463,0.9319288043668017,rising,18.109397899995198,rising,-0.2,-1.2,2.49,2.5,30.5,93,7.316,2.5,2.5,2.5,NA,0.45,59.9,-2.036034231315134,0.6918960000000002,0.31006805284839967,65.89165663925185,NA,FALSE,-2.9773816803413977,0.09746985699800031,non-inundated source
TB,SC-D,TB SC-D,04,2018-01-17,0.00634463,-53.4678117822179,0.5752350565915023,rising,18.9870565368359,rising,-0.2,-1.2,2.49,2.5,30.5,93,7.316,2.5,2.5,2.5,NA,0.1,46.7,2.179673920963389,1.014984,0.450646423281772,50.89106088703222,NA,FALSE,-2.8762683402867575,0.18512657517569442,non-inundated source
TB,SC-C,TB SC-C,05,2018-02-08,5.36e-4,-7.55878595542407,3.0725806318627304,rising,11.981919140577432,rising,0.4,-5.3,2.42,9.4,NA,65.6,7.718,10.200000000000001,10.200000000000001,14.3,NA,8.083333333333334,68.3,-0.14442706705694394,0.8382000000000001,0.24742488867021217,73.407322645481,NA,FALSE,-2.9850693253857377,0.08123096200891361,non-inundated source
TB,SC-E,TB SC-E,05,2018-02-08,-6.58e-4,-38.055967660449205,4.5509639587254895,rising,12.9223560161184,rising,0.4,-5.3,2.42,9.4,NA,65.6,7.718,10.200000000000001,10.200000000000001,14.3,NA,8.75,48.25,5.240330827021006,1.143,0.4375346245599991,51.646577741724315,NA,FALSE,-3.0089796336396204,-0.08697784259800094,non-inundated sink
TB,SC-D,TB SC-D,05,2018-02-08,-0.0019498,-25.244260775140297,3.6813267076298004,rising,12.3691578540355,rising,0.4,-5.3,2.42,9.4,NA,65.6,7.718,10.200000000000001,10.200000000000001,14.3,NA,8.483333333333334,53.85,2.179673920963389,1.014984,0.37631308994843904,58.99149384763759,NA,FALSE,-3.0355089812435927,-0.12492902637625146,non-inundated sink
TB,wetland_well,center,06,2018-03-08,0.92503123065,91.29045550258215,0.530258016307954,rising,8.125027192746472,rising,3.1,-4.1,0.76,14.2,NA,59.2,9.527000000000001,34,34,34,FALSE,NA,NA,NA,NA,NA,NA,NA,TRUE,-0.025285777061387845,0.9743585456524817,inundated
TB,SC-E,TB SC-E,06,2018-03-08,-0.0011256,-30.162528599702,1.3930921177499975,rising,7.143274743706499,rising,3.1,-4.1,0.76,14.2,NA,59.2,9.527000000000001,34,34,34,NA,9.066666666666666,56.8,5.240330827021006,1.143,0.3368679578933321,62.77158949493459,NA,FALSE,-3.0185015369667942,-0.10402267750050545,non-inundated sink
TB,SC-D,TB SC-D,06,2018-03-08,0.01243856,-17.416766635777,1.901222095876097,rising,5.618507692397998,rising,3.1,-4.1,0.76,14.2,NA,59.2,9.527000000000001,34,34,34,NA,8.666666666666666,67.89999999999999,2.179673920963389,1.014984,0.238646423281772,73.9936409899248,NA,FALSE,-2.7735722457404948,0.23169857803312702,non-inundated source
TB,wetland_well,center,07,2018-04-11,0.9021629556,77.49660296121151,-0.469455107948491,falling,-3.823072273309222,falling,5.1,-3.3,2.06,0,NA,54.6,10.867,0,0,0,FALSE,NA,NA,NA,NA,NA,NA,NA,TRUE,-0.0490190869902615,0.9662622142229229,inundated
TB,SC-C,TB SC-C,07,2018-04-11,0.02237982,-7.78893572089427,-0.5017000669527301,falling,-2.485917940358,falling,5.1,-3.3,2.06,0,NA,54.6,10.867,0,0,0,NA,17.433333333333334,68.3,-0.14442706705694394,0.8382000000000001,0.24742488867021217,73.407322645481,NA,FALSE,-2.6258277477244603,0.2818072723680286,non-inundated source
TB,SC-E,TB SC-E,07,2018-04-11,-0.0059758,-42.5330184934257,-0.5155284601961014,falling,-3.5645798059344003,falling,5.1,-3.3,2.06,0,NA,54.6,10.867,0,0,0,NA,18.5,51.266666666666666,5.240330827021006,1.143,0.392201291226665,56.65651680939523,NA,FALSE,-3.1230157962584406,-0.18146742832651008,non-inundated sink
TB,SC-D,TB SC-D,07,2018-04-11,0.0022339,-27.2231345095837,-0.5073941112294023,falling,-2.9300728261836007,falling,5.1,-3.3,2.06,0,NA,54.6,10.867,0,0,0,NA,17.933333333333334,62.5,2.179673920963389,1.014984,0.29264642328177204,68.10902152975405,NA,FALSE,-2.952023569591535,0.13072377357123058,non-inundated source
TB,wetland_well,center,08,2018-05-02,1.1465371665000001,77.7574842356805,-1.0709715520833782,falling,-4.081455855208333,falling,21.7,6.2,1.87,0,NA,36.6,21.989,0,0,4.3,FALSE,NA,NA,NA,NA,NA,NA,NA,TRUE,0.17943169056668087,1.0466369090973595,inundated
TB,SC-C,TB SC-C,08,2018-05-02,0.09759716,-7.85004925331436,-0.89773636673858,falling,-1.8998819925559802,falling,21.7,6.2,1.87,0,NA,36.6,21.989,0,0,4.3,NA,35.166666666666664,60.6,-0.14442706705694394,0.8382000000000001,0.32442488867021213,65.1315337088748,NA,FALSE,-1.913268608193291,0.46041103777052145,non-inundated source
TB,SC-E,TB SC-E,08,2018-05-02,-0.0065723,-42.0377266377157,-1.2295197382904988,falling,-3.522198486137704,falling,21.7,6.2,1.87,0,NA,36.6,21.989,0,0,4.3,NA,35.93333333333334,48.63333333333333,5.240330827021006,1.143,0.4185346245599991,53.74633161567459,NA,FALSE,-3.136657792622023,-0.18731495818495697,non-inundated sink
TB,SC-D,TB SC-D,08,2018-05-02,0.03902777,-27.055139941009,-1.0343530491423003,falling,-2.567894666383701,falling,21.7,6.2,1.87,0,NA,36.6,21.989,0,0,4.3,NA,35.166666666666664,60.6,2.179673920963389,1.014984,0.31164642328177206,66.03850727524951,NA,FALSE,-2.418806935446975,0.339201615753028,non-inundated source
TB,wetland_well,center,09,2018-06-26,9.60254524125,60.27135754193053,-3.3857802107638975,falling,-4.650002865624941,falling,21.7,16.3,2.1,0,NA,71.4,21.989,0,0,3.6,FALSE,NA,NA,NA,NA,NA,NA,NA,TRUE,2.2672216361434576,2.12550494971428,inundated
TB,SC-C,TB SC-C,09,2018-06-26,0.50130223,-23.540295026472798,-1.8706487672765952,falling,-5.9801057034711,falling,21.7,16.3,2.1,0,NA,71.4,21.989,0,0,3.6,NA,24.6,64.83333333333333,-0.14442706705694394,0.8382000000000001,0.28209155533687913,69.68142632770154,NA,FALSE,-0.5954721084100981,0.7943889824011401,non-inundated source
TB,SC-E,TB SC-E,09,2018-06-26,3.9e-4,-60.677334210185094,-2.5282134876999933,falling,-6.602721016979594,falling,21.7,16.3,2.1,0,NA,71.4,21.989,0,0,3.6,NA,24.6,49.4,5.240330827021006,1.143,0.4108679578933321,54.593600722707194,NA,FALSE,-2.98796253628963,0.07306143574062804,non-inundated source
TB,SC-D,TB SC-D,09,2018-06-26,0.01478544,-43.9598288080014,-2.141410710980402,falling,-6.236476714915796,falling,21.7,16.3,2.1,0,NA,71.4,21.989,0,0,3.6,NA,24.633333333333333,53.56666666666666,2.179673920963389,1.014984,0.3819797566151051,58.37397205243456,NA,FALSE,-2.7366743922288177,0.2454396658893828,non-inundated source
TB,wetland_well,center,10,2018-07-22,1.6777231663499999,28.190488348180512,25.58090659131944,rising,20.00889804062502,rising,23.9,21.9,0.6900000000000001,0.5,NA,88.6,23.463,18.8,18.8,18.8,FALSE,NA,NA,NA,NA,NA,NA,NA,TRUE,0.5468044528891619,1.1882471111940156,inundated
TB,SC-A,TB SC-A,10,2018-07-22,0.01758406,-38.2407944460343,18.040515184841,rising,15.505624175277696,rising,23.9,21.9,0.6900000000000001,0.5,NA,88.6,23.463,18.8,18.8,18.8,NA,26.1,58.9,-4.26073610392988,0.6187440000000001,NA,NA,61.11355735399855,FALSE,-2.6943831225546986,0.26003973751608733,non-inundated source
TB,SC-C,TB SC-C,10,2018-07-22,-0.0100924,-64.9302809980735,14.672738452173505,rising,12.747567382442497,rising,23.9,21.9,0.6900000000000001,0.5,NA,88.6,23.463,18.8,18.8,18.8,NA,26.266666666666666,46.93333333333333,-0.14442706705694394,0.8382000000000001,NA,NA,51.52270763293514,FALSE,-3.2211884970341296,-0.21610500153202053,non-inundated sink
TB,SC-E,TB SC-E,10,2018-07-22,-0.0096241,-101.61382495074001,10.26872272483898,rising,9.14087773027299,rising,23.9,21.9,0.6900000000000001,0.5,NA,88.6,23.463,18.8,18.8,18.8,NA,26.466666666666665,36.06666666666666,5.240330827021006,1.143,NA,NA,38.34049985235241,FALSE,-3.209522206666086,-0.21270941293864765,non-inundated sink
TB,SC-B,TB SC-B,10,2018-07-22,-0.0061073,-47.5009879323704,16.659726724447303,rising,14.374820890215197,rising,23.9,21.9,0.6900000000000001,0.5,NA,88.6,23.463,18.8,18.8,18.8,NA,26.166666666666668,51.266666666666666,-2.036034231315134,0.6918960000000002,NA,NA,57.78591281717871,FALSE,-3.1260072597441755,-0.18278887134648045,non-inundated sink
TB,SC-D,TB SC-D,10,2018-07-22,-0.0078039,-85.1630814491716,12.8593202115064,rising,11.262459878607999,rising,23.9,21.9,0.6900000000000001,0.5,NA,88.6,23.463,18.8,18.8,18.8,NA,26.366666666666667,45.96666666666667,2.179673920963389,1.014984,NA,NA,44.25206388396726,FALSE,-3.165427479272502,-0.1983522959687839,non-inundated sink
TB,SC-A,TB SC-A,11,2018-09-05,-0.0025262,-62.658204257654305,-0.7045530050444029,falling,-9.117422900195102,falling,28,23.7,2.15,0,NA,77.5,26.21,0,0.5,0.8,NA,31,48.43333333333334,-4.26073610392988,0.6187440000000001,0.40337788369325417,54.55978521434264,NA,FALSE,-3.047577299064538,-0.1361933524298109,non-inundated sink
TB,SC-C,TB SC-C,11,2018-09-05,0.00346006,-84.3096653850809,-0.3594380096986072,falling,-6.6358178304907085,falling,28,23.7,2.15,0,NA,77.5,26.21,0,0.5,0.8,NA,30.966666666666665,47.7,-0.14442706705694394,0.8382000000000001,0.4534248886702121,51.26690029559947,NA,FALSE,-2.928820445937538,0.15124970744200408,non-inundated source
TB,SC-E,TB SC-E,11,2018-09-05,-1.4e-4,-114.405022244023,0.09186621498500358,rising,-3.390641970107012,falling,28,23.7,2.15,0,NA,77.5,26.21,0,0.5,0.8,NA,31.1,26,5.240330827021006,1.143,0.6448679578933321,28.733474064582737,NA,FALSE,-2.998536200886725,-0.05192494101851105,non-inundated sink
TB,SC-B,TB SC-B,11,2018-09-05,-0.0023038,-69.8528073198992,-0.5630558569526016,falling,-8.099964821616297,falling,28,23.7,2.15,0,NA,77.5,26.21,0,0.5,0.8,NA,31.1,48.06666666666666,-2.036034231315134,0.6918960000000002,0.4284013861817327,52.874662701058,NA,FALSE,-3.0429035488314624,-0.13207326817014228,non-inundated sink
TB,SC-D,TB SC-D,11,2018-09-05,-0.0033341,-101.829682915234,-0.17360685835899403,falling,-5.299568946803902,falling,28,23.7,2.15,0,NA,77.5,26.21,0,0.5,0.8,NA,31,40.833333333333336,2.179673920963389,1.014984,0.509313089948439,44.497894066105935,NA,FALSE,-3.0647415737473214,-0.14939160981945773,non-inundated sink
TB,wetland_well,center,12,2018-09-29,0.927762147,63.26747191461523,0.6351793171291575,rising,28.11271789918935,rising,18.7,14.6,2.07,0,NA,77.1,19.979,5.6,6.8999999999999995,7.699999999999999,FALSE,NA,NA,NA,NA,NA,NA,NA,TRUE,-0.022488842002563608,0.9753164511260007,inundated
TB,SC-C,TB SC-C,12,2018-09-29,-0.0032265,-26.7909195390915,1.9365135057095983,rising,25.966827759038896,rising,18.7,14.6,2.07,0,NA,77.1,19.979,5.6,6.8999999999999995,7.699999999999999,NA,NA,NA,-0.14442706705694394,0.8382000000000001,NA,NA,63.88135692048585,FALSE,-3.0624384757487997,-0.14776692068317046,non-inundated sink
TB,SC-E,TB SC-E,12,2018-09-29,-0.003117,-60.153817129574804,1.9226265195134928,rising,27.880909721993092,rising,18.7,14.6,2.07,0,NA,77.1,19.979,5.6,6.8999999999999995,7.699999999999999,NA,NA,NA,5.240330827021006,1.143,NA,NA,51.89242126128313,FALSE,-3.060100142586794,-0.14607602220857363,non-inundated sink
TB,SC-B,TB SC-B,12,2018-09-29,0.42256606,-10.859823979149901,1.9427789871285999,rising,25.1032390145767,rising,18.7,14.6,2.07,0,NA,77.1,19.979,5.6,6.8999999999999995,7.699999999999999,NA,NA,NA,-2.036034231315134,0.6918960000000002,NA,NA,69.60618580055385,FALSE,-0.7495777322969707,0.7504092936346999,non-inundated source
TB,SC-D,TB SC-D,12,2018-09-29,-0.0013124,-45.6563950175258,1.9307953349229976,rising,26.7549791555494,rising,18.7,14.6,2.07,0,NA,77.1,19.979,5.6,6.8999999999999995,7.699999999999999,NA,NA,NA,2.179673920963389,1.014984,NA,NA,57.10206051561567,FALSE,-3.022330901438003,-0.1094851977795017,non-inundated sink
