wetland,station,fluxrate,soil_temp,precip_mm,precip_sum2,precip_sum3,precip_sum4,wl_cm,wl_delta1,wl_change1,wl_delta7,wl_change7,wfps,wl_delta2,wl_change2,wl_delta3,wl_change3,wl_delta4,wl_change4,wl_delta5,wl_change5,wl_delta6,wl_change6,wl_delta10,wl_change10,wl_delta14,wl_change14,dist_m,rel_elev_m,flux_source
BB,SC-A,3.35982127,14.976984780635757,0.8,3.8,4.3,5.8,-5.21400579860122,-2.2404593722526203,falling,-0.8906769217500496,falling,69.91136900055602,-2.06666596869358,falling,-2.50353862673111,falling,-3.89637818570317,falling,-1.89933193633679,falling,2.0628909498812993,rising,0.39459843817035,rising,-7.29698391300753,falling,-5.7212173827321635,0.0030479999999999353,1
BB,SC-B,0.39314368,14.976984780635757,0.8,3.8,4.3,5.8,-8.893470332271699,-2.291729780177839,falling,-1.1556869223651987,falling,68.56959939336768,-2.406784666351708,falling,-2.8577220417074987,falling,-4.112207856937549,falling,-1.9179542934952893,falling,1.517187613960301,rising,-0.23838448748685792,falling,-6.935541977185078,falling,-4.847153860211458,0.05791200000000012,1
BB,SC-C,0.00654592,14.976984780635757,0.8,3.8,4.3,5.8,-23.337676080682098,-2.331606764119698,falling,-1.361805811732598,falling,63.3023122389896,-2.6713214311968976,falling,-3.133198031133599,falling,-4.2800753790087995,falling,-1.9324383490630979,falling,1.0927516860217033,rising,-0.7307045407757968,falling,-7.342503114002998,falling,-2.99,0.216408,1
BB,SC-D,-9.41e-4,14.976984780635757,0.8,3.8,4.3,5.8,-37.3730524364624,-2.365787036069804,falling,-1.5384791454760034,falling,58.184110596521364,-2.8980672296357,falling,-3.3693203077845055,falling,-4.423961826498299,falling,-1.9448532538353973,falling,0.7289494620744037,rising,-1.1526931578806057,falling,-7.6913269455611015,falling,-1.1253745005609128,0.368808,0
BB,SC-E,-7.39e-4,14.976984780635757,0.8,3.8,4.3,5.8,-52.538175755393,-2.4284508679784977,falling,-1.862380257338998,falling,52.653930492215295,-3.313767860106701,falling,-3.8022111483112013,falling,-4.687753646895899,falling,-1.9676139125846959,falling,0.06197871817089862,rising,-1.926338955906104,falling,-8.330837303417802,falling,3.0280801384973466,0.5425440000000001,0
BB,SC-C,0.02697485,14.762695229462333,0,0,49.5,49.8,-6.26392900666979,-0.15771823672007024,falling,26.508276495443106,rising,71.24994045318063,1.7389079409338395,rising,26.15362244017951,rising,31.569679869929608,rising,30.444185605230707,rising,28.500530461266706,rising,25.90380691420971,rising,19.113891094445208,rising,-2.99,0.216408,1
BB,SC-D,-9.43e-4,14.762695229462333,0,0,49.5,49.8,-19.8984180185308,-0.798546874763101,falling,26.975845677700395,rising,66.27792814045183,1.4510631228678967,rising,27.210470496355196,rising,31.948911145911897,rising,30.856307334526694,rising,28.8702385355702,rising,25.9819624551991,rising,19.3719460407095,rising,-1.1253745005609128,0.368808,0
BB,SC-E,0.01197855,14.762695229462333,0,0,49.5,49.8,-34.3285812069425,-1.973399377842,falling,27.833055845172304,rising,61.015761807334826,0.9233476230804953,rising,29.148025266010798,rising,32.6441684852128,rising,31.61186383823619,rising,29.548036671793497,rising,26.125247613679903,rising,19.845046775527592,rising,3.0280801384973466,0.5425440000000001,1
BB,SC-D,0.35159004,14.2,0,0,0,0,-4.29402188952124,-0.4231785567500497,falling,-1.2368593263649994,falling,73.18517743903257,-0.6836013826484697,falling,-1.1543821923643396,falling,-1.1756889073917596,falling,-1.2089729478654796,falling,-1.2832841935426895,falling,-0.6847324464790199,falling,-1.0895864258494998,falling,-1.1253745005609128,0.368808,1
BB,SC-E,-0.0016025,13.1,0,0,0,0,-21.363843475453102,-0.6590722645155012,falling,-2.359511297119102,falling,62.6186232137274,-1.1646573106099005,falling,-2.1379824709581,falling,-2.0062941989060015,falling,-2.1069812062593023,falling,-2.464957677274203,falling,-1.9965150624868002,falling,-3.6200716126669015,falling,3.0280801384973466,0.5425440000000001,0
BB,SC-E,-0.0022328,3.125,2.5,2.5,2.5,2.5,-7.34912536117547,-0.6885887883405495,falling,16.79131298212063,rising,59.642033729976276,-1.5243496879128404,falling,-2.94790879579978,falling,-5.71632329756161,falling,1.6145087622895398,rising,11.656227044079927,rising,20.64041530587613,rising,18.091008638269326,rising,3.0280801384973466,0.5425440000000001,0
BB,SC-E,-2.29e-4,8.9,9.4,10.200000000000001,10.200000000000001,14.3,0.9503211308522941,2.7808954220064943,rising,4.846240871105234,rising,74.19424898387068,2.415049492215984,rising,-0.20662067303741605,falling,4.660349126583554,rising,4.878133086276064,rising,3.574847477083944,rising,0.32787193527176206,rising,5.473872228216754,rising,3.0280801384973466,0.5425440000000001,0
BB,SC-E,0.0036114,12.7,14.2,34,34,34,1.33104622033092,-0.35646604627523004,falling,2.171591152519401,rising,75.29668953340813,2.69464053594076,rising,2.73719946685321,rising,2.54161727176203,rising,1.899120281345454,rising,0.5082282397256139,rising,1.3148145509316174,rising,2.48114406150274,rising,3.0280801384973466,0.5425440000000001,1
BB,SC-E,0.00396565,18.166666666666664,0,0,0,0,-2.06575799181531,-0.14710339919594984,falling,-1.081689857998414,falling,75.29668953340813,0.2252026297386398,rising,0.2854068122589801,rising,0.04069445616757994,rising,-0.32742331365963007,falling,0.10128326194422987,rising,-0.7077043704678099,falling,-1.765139420385598,falling,3.0280801384973466,0.5425440000000001,1
BB,SC-E,0.0406038,39.2,0,0,0,4.3,-2.62325804370565,-0.64214230769623,falling,-2.906765555697127,falling,75.25994151509025,-1.2402770959695602,falling,-1.8985779790221031,falling,-2.724168888789507,falling,-3.037660841093342,falling,-1.42733296307221,falling,-1.02941143513119,falling,-2.530190354983069,falling,3.0280801384973466,0.5425440000000001,1
BB,SC-D,0.54482357,25.1,0,0,0,3.6,-3.66726618021564,-1.0259423741959801,falling,-1.08878890231209,falling,73.18517743903257,1.2054470101023997,rising,-0.17765002814478992,falling,1.4183684045738905,rising,1.17241558250621,rising,0.28404019259812996,rising,-5.65424895452122,falling,-10.96941553021567,falling,-1.1253745005609128,0.368808,1
BB,SC-E,0.04987958,25.466666666666665,0,0,0,3.6,-14.4867032356927,-3.8744876662021994,falling,0.918275694175902,rising,68.2778180346863,2.8363772914678993,rising,-2.7208482071928,falling,1.8542945210731983,rising,2.613209019690901,rising,2.4254355720613017,rising,-5.184183317741159,falling,-14.097067356038572,falling,3.0280801384973466,0.5425440000000001,1
BB,SC-C,0.02192703,25.533333333333335,0.5,18.8,18.8,18.8,-3.04961904064907,36.67338747175173,rising,39.177489575406625,rising,73.53458067129739,43.844084787431534,rising,39.43365136436863,rising,34.64101302069173,rising,42.98205800037013,rising,40.92161050117423,rising,28.94099811645203,rising,12.40791576964113,rising,-2.99,0.216408,1
BB,SC-D,-0.0101664,25.633333333333333,0.5,18.8,18.8,18.8,-12.0384617801317,41.1042322560125,rising,43.677877325603106,rising,70.2566700184661,48.46990257008411,rising,44.1417660670505,rising,39.3415804536367,rising,47.3558156090461,rising,45.33089059274491,rising,33.9457521996894,rising,18.066884840712895,rising,-1.1253745005609128,0.368808,0
BB,SC-E,-0.001876,25.9,0.5,18.8,18.8,18.8,-17.9516068025165,49.2274476938239,rising,51.9285882009633,rising,68.10035672849445,56.950568504947206,rising,52.773309688633795,rising,47.95928741403589,rising,55.37437122495199,rising,53.41457076062459,rising,43.121134685624604,rising,28.441661471011095,rising,3.0280801384973466,0.5425440000000001,0
BB,SC-A,-3.9e-4,32.2,0,0,0.5,0.8,-38.1905420525455,-8.095534540587405,falling,-22.621842909174404,falling,66.94010095393278,-11.833234418028301,falling,-14.168778743129003,falling,-16.020222465728903,falling,-16.495740214315703,falling,-18.618194590850802,falling,-35.86835356687417,falling,-47.3607508553233,falling,-5.7212173827321635,0.0030479999999999353,0
BB,SC-B,-0.0036538,31.2,0,0,0.5,0.8,-39.7099584856888,-7.009015336607298,falling,-20.285987156264003,falling,63.23092825248792,-9.969689275771199,falling,-12.151417773113398,falling,-13.899844059090501,falling,-14.3880524019755,falling,-16.4499776752211,falling,-32.75478241571817,falling,-43.3937672884666,falling,-4.847153860211458,0.05791200000000012,0
BB,SC-C,-0.006331,30.8,0,0,0.5,0.8,-52.47412682257801,-6.163944844622705,falling,-18.46921045955591,falling,56.738940282861016,-8.520265276237907,falling,-10.582359240879008,falling,-12.250660853927208,falling,-12.748739659044212,falling,-14.763586740842506,falling,-30.333115964819008,falling,-41.44471560742261,falling,-2.99,0.216408,0
BB,SC-D,-0.0022239,30.7,0,0,0.5,0.8,-65.0694711113402,-5.439598708635906,falling,-16.911973290949007,falling,43.5753618719472,-7.277901848066406,falling,-9.237451927535204,falling,-10.83707524950161,falling,-11.343614450817412,falling,-13.318108797089302,falling,-28.257401864048404,falling,-40.069039766881204,falling,-1.1253745005609128,0.368808,0
BB,SC-E,-0.0039028,30.533333333333335,0,0,0.5,0.8,-77.5945356407376,-4.111630792660208,falling,-14.057038481836301,falling,46.08201497066559,-5.00023556308561,falling,-6.771788519738408,falling,-8.245501641388003,falling,-8.767551569068303,falling,-10.668065900208703,falling,-24.451926012635504,falling,-37.5469673925554,falling,3.0280801384973466,0.5425440000000001,0
BB,SC-E,0.00314318,21.663667246729936,0,5.6,6.8999999999999995,7.699999999999999,-8.05399921475715,-1.6977629520167197,falling,21.05716324477975,rising,70.36295596816586,2.86134071388655,rising,1.7822575244936996,rising,-1.8505721399865402,falling,-5.0417893029913,falling,18.902515449336754,rising,16.19619772558105,rising,9.87166232329565,rising,3.0280801384973466,0.5425440000000001,1
DB,SC-A,0.02468352,14.976984780635757,0.8,3.8,4.3,5.8,-44.813535425241604,-1.4987965353528026,falling,-4.174173705374599,falling,54.789019729165254,-1.8052528620752,falling,-2.8667342061106,falling,-4.066831088072206,falling,-3.3251379868014013,falling,-2.1030293836575993,falling,-6.550906407094303,falling,-14.766228508632903,falling,-4.371842901834807,0.5928360000000004,1
DB,SC-C,-0.0030043,14.976984780635757,0.8,3.8,4.3,5.8,-66.9288220578248,-1.7712492938536997,falling,-3.434699631812201,falling,46.44666768062566,-2.298944526869505,falling,-3.1221583946649005,falling,-4.042861739849208,falling,-2.606763103102395,falling,-1.5031549597166105,falling,-5.637257246662699,falling,-13.435145645703798,falling,-1.6978901540028146,0.8001000000000004,0
DB,SC-E,0.03172478,14.976984780635757,0.8,3.8,4.3,5.8,-128.25909255941502,-2.202632828147017,falling,-2.2638656820050187,falling,23.311597525006945,-3.0806229961270333,falling,-3.526580026543016,falling,-4.004910271830028,falling,-1.4693362039130164,falling,-0.5533537884770254,falling,-4.190646075979018,falling,-11.327597779400008,falling,5.375749189574043,1.3914120000000005,1
DB,SC-A,-0.0033147,14.762695229462333,0,0,49.5,49.8,-32.077159333316104,-0.5099460367760074,falling,23.1695886355691,rising,61.314890159689924,3.4709169849563963,rising,23.5190003509194,rising,25.9998073840841,rising,24.927826345392596,rising,24.2334264171322,rising,20.398763144329095,rising,14.267935483184793,rising,-4.371842901834807,0.5928360000000004,0
DB,SC-C,-0.003185,14.762695229462333,0,0,49.5,49.8,-51.4493086014178,-0.3931882800614943,falling,25.4807670595213,rising,54.007307318178896,5.932313196182108,rising,25.614253748366295,rising,27.4377813685997,rising,26.771338864516906,rising,26.48022919784411,rising,22.6825017651897,rising,16.812910799630004,rising,-1.6978901540028146,0.8001000000000004,0
DB,SC-E,-0.0032317,14.762695229462333,0,0,49.5,49.8,-108.436278275912,-0.2083218319300073,falling,29.140132897445994,rising,32.510621740355546,9.829523863955984,rising,28.931738294323992,rising,29.71457351075,rising,29.690233686463984,rising,30.037666933970996,rising,26.298421248219,rising,20.842455050668008,rising,5.375749189574043,1.3914120000000005,0
DB,SC-A,0.00448524,14.5,0,0,0,0,-9.06288958197394,-0.1967153507423003,falling,0.9575398863917606,rising,78.26977837900198,-0.44478755492263033,falling,-0.18011337298603003,falling,-0.02131902023606891,falling,0.13513802570167144,rising,0.4185128157435116,rising,2.8175872988383617,rising,3.63139495438136,rising,-4.371842901834807,0.5928360000000004,1
DB,SC-C,-0.0031169,14.4,0,0,0,0,-29.2236578486046,-0.5448372027168027,falling,-0.6209452034566993,falling,62.52949435200149,-1.1179556755536986,falling,-1.5049781648848004,falling,-1.2941005006563024,falling,-1.1516021480387977,falling,-1.0604558957805956,falling,0.9546515491860994,rising,1.170532214002204,rising,-1.6978901540028146,0.8001000000000004,0
DB,SC-E,-8.24e-4,14.9,0,0,0,0,-87.45927427076971,-1.096030135009613,falling,-3.120213262383217,falling,48.71887020576317,-2.1838051998862085,falling,-3.6026807520578075,falling,-3.309337844654806,falling,-3.188940756461008,falling,-3.4021563556937195,falling,-1.9949967210965127,falling,-2.72583379159812,falling,5.375749189574043,1.3914120000000005,0
DB,SC-A,-0.0068717,1.1203183064827424,2.5,2.5,2.5,2.5,3.8960288888888703,0.6033343333333101,rising,13.486583589229948,rising,76.51249181921555,0.66703142638882,rising,0.5269261472221505,rising,1.6720044340277505,rising,6.77422688894338,rising,11.70044126507702,rising,14.02867368065007,rising,14.178731378903372,rising,-4.371842901834807,0.5928360000000004,0
DB,SC-C,-0.0027677,0,2.5,2.5,2.5,2.5,-12.9313701663471,0.13262570635470006,rising,17.759442841752197,rising,60.82723951483267,-0.1545454547136007,falling,-0.7938562125328019,falling,-2.119693137795501,falling,7.797873355371497,rising,15.2011397193329,rising,19.1314832301143,rising,17.9087092511273,rising,-1.6978901540028146,0.8001000000000004,0
DB,SC-E,-0.0012482,0,2.5,2.5,2.5,2.5,-64.4063732049601,-0.4839643672015015,falling,26.007582123756393,rising,49.25571726037213,-1.4016949378679087,falling,-3.0649016258843034,falling,-8.153996694506297,falling,10.901425726059898,rising,22.2266910707488,rising,28.6937104822766,rising,25.297286347659096,rising,5.375749189574043,1.3914120000000005,0
DB,SC-B,-0.0014634,-0.75,2.5,2.5,2.5,2.5,-4.68111657520622,0.32733836116186055,rising,15.15476727901398,rising,75.9182263570161,0.23929122417722049,rising,-0.0766839767376899,falling,-0.21412359357110944,falling,6.817804185680279,rising,12.982544555727879,rising,16.111832518905082,rising,15.57547437853828,rising,-3.1660461921319603,0.6934200000000004,0
DB,SC-D,-0.0092438,0,2.5,2.5,2.5,2.5,-43.8453082878684,-0.12699116672170163,falling,21.232343592069704,rising,44.98008339749208,-0.6796610265679988,falling,-1.7500858602598015,falling,-4.660452530094794,falling,9.104632248292901,rising,18.159266604139603,rising,23.157684178393104,rising,21.019689081245893,rising,2.12752955770165,1.1414760000000004,0
DB,SC-E,-0.0020062,7.783333333333333,9.4,10.200000000000001,10.200000000000001,14.3,-38.980033569679904,5.227575597211697,rising,11.195700770419393,rising,57.12947406130359,4.892164598104493,rising,1.8312401256095967,rising,10.4651208699635,rising,11.017491201505194,rising,10.535173278121,rising,5.9305261639085955,rising,19.29662445856639,rising,5.375749189574043,1.3914120000000005,0
DB,SC-D,-0.0024479,7.8,9.4,10.200000000000001,10.200000000000001,14.3,-20.3170668302931,3.5146907590028995,rising,9.9281841512739,rising,55.34118258064643,3.6347223173731997,rising,2.8147556951979986,rising,8.348214544114803,rising,8.797257826491801,rising,8.947248596995799,rising,8.5806434323964,rising,17.5472169489912,rising,2.12752955770165,1.1414760000000004,0
DB,SC-E,-0.0015907,7.9,14.2,34,34,34,-27.5445622525665,2.6045772039807034,rising,5.9221427480325985,rising,65.76376418959767,8.4985869913112,rising,7.9653043338228,rising,7.166479518830897,rising,6.2366315558994,rising,4.605818546518599,rising,3.3075329926198016,rising,2.3902916331634003,rising,5.375749189574043,1.3914120000000005,0
DB,SC-D,5.56e-5,8.2,14.2,34,34,34,-5.15059564699845,3.4785717957389597,rising,4.56850246448248,rising,79.24037476177,6.65441593804475,rising,6.093511588170649,rising,5.343318731934051,rising,4.594865835538869,rising,3.9716382089772093,rising,2.1776852011642296,rising,1.2654247127330294,rising,2.12752955770165,1.1414760000000004,1
DB,SC-E,-0.0017954,17.3,0,0,0,0,-45.1561411629796,-0.7892084787585034,falling,-6.0331106044646035,falling,57.8452701341155,-0.9706111680927023,falling,-1.8369307869706049,falling,-2.942145003931202,falling,-4.040258389238197,falling,-4.1116938974503014,falling,-7.356225186033797,falling,-11.5624392238593,falling,5.375749189574043,1.3914120000000005,0
DB,SC-D,1.96e-4,17.233333333333334,0,0,0,0,-19.5813851301786,-0.7864408715131006,falling,-4.815336095151901,falling,58.90761434695476,-1.1235275287341011,falling,-1.6731814155829987,falling,-2.5274892887926015,falling,-3.312580568885199,falling,-3.8224962111321013,falling,-6.235079158323201,falling,-9.6629392981588,falling,2.12752955770165,1.1414760000000004,1
DB,SC-E,0.00534081,31.466666666666665,0,0,0,4.3,-43.5694039260721,-1.1618002556694975,falling,-3.550725988176694,falling,56.77157602489757,-2.431382287658195,falling,-3.417848859714397,falling,-4.782501205038201,falling,-4.382400545194201,falling,-2.1076693852038986,falling,-3.268984986404398,falling,-7.6331512454937,falling,5.375749189574043,1.3914120000000005,1
DB,SC-D,2.25e-4,30.666666666666668,0,0,0,4.3,-18.3542419722976,-0.8907382892463005,falling,-2.0466325042113986,falling,67.96717090274952,-1.7278245680839,falling,-2.457155024373602,falling,-3.0705288600559992,falling,-2.382626483117301,falling,-1.3199780104322016,falling,-2.779945302751001,falling,-5.8721313301830005,falling,2.12752955770165,1.1414760000000004,1
DB,SC-C,1.52562114,25.133333333333333,0,0,0,3.6,-3.1565855152405202,-1.9511437371469902,falling,-8.75214095204606,falling,77.50933691908715,-1.2076114478385502,falling,-3.589534399631347,falling,-3.6393459168180184,falling,-4.71193032166824,falling,-6.60558597035289,falling,-14.53639643121282,falling,-19.867991829129423,falling,-1.6978901540028146,0.8001000000000004,1
DB,SC-E,-0.0022875,25.166666666666668,0,0,0,3.6,-68.76539278259,-2.8243810833573946,falling,-7.873492743352095,falling,53.28207016993934,-0.631002258798901,falling,-4.2972678181738075,falling,-1.7116810784571044,falling,-3.1420662265333874,falling,-5.012647027558295,falling,-16.765120238438996,falling,-29.120873336756603,falling,5.375749189574043,1.3914120000000005,0
DB,SC-D,-0.0013893,25.4,0,0,0,3.6,-40.021599101492896,-2.318822619761896,falling,-8.410065916502898,falling,59.31754903273728,-0.964828631400799,falling,-3.8875274179649963,falling,-2.8276975638238966,falling,-4.050934913190396,falling,-5.934874836544594,falling,-15.719623486604995,falling,-23.439615212557197,falling,2.12752955770165,1.1414760000000004,0
DB,SC-A,-0.0035415,26.666666666666668,0.5,18.8,18.8,18.8,-30.044187505058602,17.697006849069,rising,10.045138182814298,rising,63.19426587166417,18.586482589753096,rising,15.815717072591,rising,12.7763175795899,rising,15.0111976674281,rising,12.661936769205298,rising,0.2324218355052956,rising,-15.920562018530603,falling,-4.371842901834807,0.5928360000000004,0
DB,SC-C,-0.0108089,26.4,0.5,18.8,18.8,18.8,-56.1427996937015,13.949651350210097,rising,8.64185408981161,rising,53.34931950161867,14.534616417051303,rising,12.630693094272296,rising,10.557602531382706,rising,12.100000968689507,rising,10.47875354427891,rising,1.8531796106916971,rising,-13.748480162401599,falling,-1.6978901540028146,0.8001000000000004,0
DB,SC-E,-0.0034788,26.4,0.5,18.8,18.8,18.8,-123.780002325719,8.016338477016987,rising,6.419987609224009,rising,27.83514167028251,8.119161643607,rising,7.587738461935018,rising,7.0446370383879895,rising,7.490606195686993,rising,7.022046771478998,rising,4.4193794214040025,rising,-10.309350556862995,falling,5.375749189574043,1.3914120000000005,0
DB,SC-B,-0.0179956,26.433333333333334,0.5,18.8,18.8,18.8,-42.788693599380004,15.823329099639594,rising,9.343496136313,rising,58.38676966824875,16.5605495034022,rising,14.2232050834317,rising,11.666960055486392,rising,13.555599318058896,rising,11.5703451567422,rising,1.042800723098594,rising,-14.834521090466005,falling,-3.1660461921319603,0.6934200000000004,0
DB,SC-D,-0.0047486,26.333333333333332,0.5,18.8,18.8,18.8,-93.8618744861301,11.451414350970893,rising,7.706331361142887,rising,39.12088981443445,11.833372301916896,rising,10.507343775392883,rising,9.0784591659109,rising,10.159203169530898,rising,9.02329806099489,rising,2.9336847941492863,rising,-12.300425591648903,falling,2.12752955770165,1.1414760000000004,0
DB,SC-A,-2.91e-4,32.5,0,0,0.5,0.8,-61.837004242461305,-1.338089794618007,falling,-9.8314908444219,falling,55.24002403891465,-2.902019554687513,falling,-4.662024998553207,falling,-6.5365148903077,falling,-7.241200515017098,falling,-8.131949914994607,falling,-15.293209575255801,falling,-27.367667931532402,falling,-4.371842901834807,0.5928360000000004,0
DB,SC-C,-0.0045349,31.4,0,0,0.5,0.8,-79.7916304126156,-0.8689332670718102,falling,-6.780159311594105,falling,29.921857248900935,-1.982353678530103,falling,-3.1712569108217963,falling,-4.494511812591995,falling,-4.987404324570306,falling,-5.586536930537605,falling,-10.47537024661591,falling,-21.58875343878171,falling,-1.6978901540028146,0.8001000000000004,0
DB,SC-E,-0.0086977,31.3,0,0,0.5,0.8,-134.53418851536,-0.1261020984569825,falling,-1.9488843846170028,falling,25.500235093925625,-0.5262160412810033,falling,-0.8108741052469952,falling,-1.2613402728750032,falling,-1.4188936896960058,falling,-1.556299705147012,falling,-2.847124642935995,falling,-12.438805491926004,falling,5.375749189574043,1.3914120000000005,0
DB,SC-B,0.00430087,32.2,0,0,0.5,0.8,-70.50951732753839,-1.1035115308448837,falling,-8.305825078007892,falling,51.15139756576228,-2.4421866166086943,falling,-3.9166409546874945,falling,-5.515513351449798,falling,-6.114302419793589,falling,-6.859243422766085,falling,-12.884289910935792,falling,-24.478210685156995,falling,-3.1660461921319603,0.6934200000000004,1
DB,SC-D,-0.0024846,31.133333333333333,0,0,0.5,0.8,-112.081381192718,-0.5561622487069968,falling,-4.745938289707993,falling,21.48057753500651,-1.369243094425002,falling,-2.177411518999989,falling,-3.1331764274479923,falling,-3.484873530938998,falling,-3.889594940899002,falling,-7.263477360854992,falling,-17.7361437769474,falling,2.12752955770165,1.1414760000000004,0
DB,SC-C,-0.0029282,21.663667246729936,0,5.6,6.8999999999999995,7.699999999999999,-12.4662074288741,0.9574793187337001,rising,25.128769219302498,rising,68.478344722119445,3.057138595810901,rising,2.2189853381650018,rising,0.8321895478398993,rising,4.8533334979474,rising,25.7143189839542,rising,21.9135204658753,rising,19.1379114706863,rising,-1.6978901540028146,0.8001000000000004,0
DB,SC-E,-0.0022658,21.663667246729936,0,5.6,6.8999999999999995,7.699999999999999,-61.1492396087434,0.8485921507979981,rising,33.962477572537196,rising,50.114079316828004,3.9988400653023035,rising,0.6753908092817937,rising,-3.8429139079133066,falling,1.7419989845568011,rising,35.45265140503339,rising,28.9403643846218,rising,23.264400068197602,rising,5.375749189574043,1.3914120000000005,0
DB,SC-B,0.00996063,21.663667246729936,0,5.6,6.8999999999999995,7.699999999999999,-5.09762884575742,0.9918647401871095,rising,22.33917710775478,rising,71.25792780684061,2.7597591843925695,rising,2.70643624202292,rising,2.308538007551511,rising,5.835860186386581,rising,22.63905611413978,rising,19.69451712311338,rising,17.83480980831448,rising,-3.1660461921319603,0.6934200000000004,1
DB,SC-D,-0.0028024,21.663667246729936,0,5.6,6.8999999999999995,7.699999999999999,-42.204578873029604,0.9116320901291957,rising,28.848225368032885,rising,57.260404477480435,3.4536444777019994,rising,1.569050799687794,rising,-1.136275065108805,falling,3.5432979133617977,rising,29.814669477040198,rising,24.8721915895581,rising,20.875380353848897,rising,2.12752955770165,1.1414760000000004,0
DK,SC-A,-0.0034195,14.976984780635757,0.8,3.8,4.3,5.8,-43.472688066097795,-1.7266760436298938,falling,-2.3514201456655996,falling,48.42867416680404,-0.9496859519768961,falling,-1.815719144865696,falling,-2.6803708357792004,falling,-2.8423948721272936,falling,-0.836906074270594,falling,-0.6653506915834981,falling,6.650134249937999,rising,-2.9958747305924267,0.32308800000000015,0
DK,SC-B,0.01051003,14.976984780635757,0.8,3.8,4.3,5.8,-75.7161919360594,-1.8394368375763008,falling,-3.048840092856409,falling,34.27295801690823,-1.534954184034902,falling,-2.1756881864479993,falling,-2.7514714596200918,falling,-2.872971370895101,falling,-1.618883376821202,falling,-3.0035856299535055,falling,1.6594109078631902,rising,0.6616443653851827,0.6096,1
DK,SC-C,-0.0025023,14.976984780635757,0.8,3.8,4.3,5.8,-113.093595355399,-1.9794029384339922,falling,-3.9145235210440035,falling,17.863329728425754,-2.2614275399780013,falling,-2.622505394951986,falling,-2.8397262221070037,falling,-2.9109249286940013,falling,-2.5895249461709966,falling,-5.905956354377011,falling,-4.535402574751998,falling,6.425951158725609,0.9387840000000001,0
DK,SC-D,-0.002295,14.976984780635757,0.8,3.8,4.3,5.8,-134.865645844482,-2.098333241871984,falling,-4.650101580045998,falling,8.304847251842913,-2.8787176990380203,falling,-3.002169512639,falling,-2.914716992144008,falling,-2.943174367078001,falling,-3.4142867682409985,falling,-8.37212372510399,falling,-9.799184609899996,falling,12.190059239318277,1.118616,0
DK,SC-E,-0.0025482,14.976984780635757,0.8,3.8,4.3,5.8,-145.800890022429,-2.2023972573790047,falling,-5.293732381671987,falling,3.5039976532039736,-3.418846588213995,falling,-3.3343756156150164,falling,-2.9803339159259963,falling,-2.971392625662986,falling,-4.135953362552982,falling,-10.53002017448901,falling,-14.404993890653998,falling,16.23058177337026,1.194816,0
DK,SC-A,0.00837279,14.762695229462333,0,0,49.5,49.8,-25.3082835548216,-1.9678302464534987,falling,21.7696230989312,rising,58.12474957591334,-1.992693694804899,falling,23.4963802285601,rising,30.165575146119203,rising,28.731288725832705,rising,25.252167329318794,rising,24.3982217694035,rising,20.6511365931347,rising,-2.9958747305924267,0.32308800000000015,1
DK,SC-B,0.0096318,14.762695229462333,0,0,49.5,49.8,-59.815932947869,-1.235052740929099,falling,20.079918223349196,rising,42.97501610469538,-0.47275724268930475,falling,21.814679394328593,rising,27.244558580244302,rising,26.0804435493572,rising,22.99031347246509,rising,21.6943386845834,rising,17.914053145325894,rising,0.6616443653851827,0.6096,1
DK,SC-C,-0.0019658,14.762695229462333,0,0,49.5,49.8,-100.00374244497401,-0.3254811899058012,falling,17.982545592682996,rising,25.331548253886304,1.4138876744719937,rising,19.727241905298996,rising,23.618801036708987,rising,22.790040472689995,rising,20.182751961287977,rising,18.33810147382799,rising,14.516605464228988,rising,6.425951158725609,0.9387840000000001,0
DK,SC-D,-0.0020672,14.762695229462333,0,0,49.5,49.8,-124.16381721681,0.4473889543519931,rising,16.200391472095987,rising,14.724662537939576,3.0169847894260045,rising,17.953529753175985,rising,20.537966161692992,rising,19.99415894179998,rising,17.79714472927401,rising,15.486280158262986,rising,11.629767285920991,rising,12.190059239318277,1.118616,0
DK,SC-E,-0.0023073,14.762695229462333,0,0,49.5,49.8,-137.188582642167,1.1236503305779877,rising,14.64100661658199,rising,9.006460104856728,4.419694765010007,rising,16.401531620068994,rising,17.842235646054007,rising,17.547762602271007,rising,15.709738401260978,rising,12.990936507144,rising,9.103783879900988,rising,16.23058177337026,1.194816,0
DK,SC-A,0.01044623,10,0,0,0,0,-16.3605774656757,-0.9462250296910018,falling,-3.4233162886983006,falling,85.6394226843105,-1.841914756598701,falling,-2.3547199990136,falling,-2.7758817189316005,falling,-3.2131371529912,falling,-3.4789245555136006,falling,-1.8765260183638013,falling,-4.9892402035175,falling,-2.9958747305924267,0.32308800000000015,1
DK,SC-B,0.51228377,10.1,0,0,0,0,-46.3416992818034,-1.020735364781899,falling,-3.3328472769055963,falling,66.16925909543286,-1.9187285156827016,falling,-2.7306461488270983,falling,-2.883803962255598,falling,-3.138331225038897,falling,-3.5323937277854967,falling,-1.8317199952021,falling,-4.160416057533602,falling,0.6616443653851827,0.6096,1
DK,SC-C,-0.002371,10.3,0,0,0,0,-80.9108855571947,-1.1132224847399925,falling,-3.220551199644106,falling,31.495154368130816,-2.0140747967344055,falling,-3.1972703677454035,falling,-3.0177641364013112,falling,-3.0454771958142146,falling,-3.598763174976014,falling,-1.7761038174742083,falling,-3.1316251103433075,falling,6.425951158725609,0.9387840000000001,0
DK,SC-D,-0.002286,10.5,0,0,0,0,-100.29677171791,-1.1918095224106082,falling,-3.125132334207308,falling,20.93538343393246,-2.0950912862104047,falling,-3.5937646589137984,falling,-3.1315911563875005,falling,-2.9665783924371993,falling,-3.655157819429405,falling,-1.7288463111736974,falling,-2.2574533017912017,falling,12.190059239318277,1.118616,0
DK,SC-E,-0.0016245,10.6,0,0,0,0,-109.14412210853499,-1.260573180370983,falling,-3.041640826948992,falling,24.96089600057436,-2.165980714500975,falling,-3.9406971636849875,falling,-3.2311897988749934,falling,-2.8975419394819966,falling,-3.704503133324991,falling,-1.6874959931599847,falling,-1.4925529693069848,falling,16.23058177337026,1.194816,0
DK,SC-A,-0.0072426,0.07,2.5,2.5,2.5,2.5,-0.367622135876339,0.777283804386161,rising,28.080485201826463,rising,85.6394226843105,1.0228363819929411,rising,0.887580535353081,rising,1.6712057489020111,rising,11.720083952991962,rising,23.84234052403736,rising,32.08225184861446,rising,32.96198532237656,rising,-2.9958747305924267,0.32308800000000015,0
DK,SC-B,-0.0036535,0,2.5,2.5,2.5,2.5,-27.658212119050003,0.6697018574725,rising,29.865158818638097,rising,61.02657056469973,1.0647755588983934,rising,1.449634186130897,rising,2.5011251656798947,rising,14.2811121697622,rising,25.866855750135205,rising,33.3335395478632,rising,33.101061212126694,rising,0.6616443653851827,0.6096,0
DK,SC-C,0.00262499,0,2.5,2.5,2.5,2.5,-58.8877336340902,0.5361640815737942,rising,32.080412886176994,rising,30.13036434551181,1.1168332188278924,rising,2.1472920796146013,rising,3.53127563489069,rising,17.460028539029402,rising,28.379816970136794,rising,34.8867199945905,rising,33.273691337637196,rising,6.425951158725609,0.9387840000000001,1
DK,SC-D,-0.0025888,0,2.5,2.5,2.5,2.5,-75.435880221485,0.4226959767209024,rising,33.96273179646002,rising,34.93658529901166,1.1610670243971981,rising,2.7400975122082087,rising,4.406602640061706,rising,20.16117893245881,rising,30.51510000359501,rising,36.20646971034401,rising,33.420376521289,rising,12.190059239318277,1.118616,0
DK,SC-E,-0.0038835,0.025,2.5,2.5,2.5,2.5,-81.8002084854554,0.323411384974591,rising,35.60976084295659,rising,31.65837779383192,1.1997716042704951,rising,3.258802265727695,rising,5.1725137695865016,rising,22.524685526709604,rising,32.38347265787159,rising,37.361250711628614,rising,33.54872605698459,rising,16.23058177337026,1.194816,0
DK,SC-C,0.01106045,5.366666666666667,9.4,10.200000000000001,10.200000000000001,14.3,-17.4592933633849,3.3459559352338992,rising,13.351352917101796,rising,37.86417447368619,4.301086776824899,rising,4.435104474736999,rising,10.734091088511295,rising,11.8769428209655,rising,12.208366747334,rising,14.1416066909422,rising,30.573332771308003,rising,6.425951158725609,0.9387840000000001,1
DK,SC-E,-8.03e-4,4.95,9.4,10.200000000000001,10.200000000000001,14.3,-27.7871970320138,5.2617722356825,rising,15.455765378320699,rising,47.19617692062627,6.0959885241484955,rising,3.704133881362697,rising,13.193810810010099,rising,14.7876431221719,rising,14.275396327543696,rising,13.071073977890102,rising,39.1911847911664,rising,16.23058177337026,1.194816,0
DK,SC-C,2.37e-4,10.666666666666666,14.2,34,34,34,-14.400726690498,1.0579320276134005,rising,4.918041523210402,rising,37.479233698075674,5.7758837072731986,rising,5.561249837576199,rising,5.113474589482198,rising,4.3444139775306,rising,2.9398756108657977,rising,3.4059119894096987,rising,4.230613724893001,rising,6.425951158725609,0.9387840000000001,1
DK,SC-D,0.00418912,9.733333333333333,14.2,34,34,34,-22.672993282801603,1.426029715624498,rising,7.249474762761796,rising,51.68312086312596,8.8130954866314,rising,8.417888487668801,rising,7.805641967600494,rising,6.6326292936077,rising,4.101644664492799,rising,5.063320147998095,rising,6.368232420739098,rising,12.190059239318277,1.118616,1
DK,SC-E,-0.0018137,9.933333333333334,14.2,34,34,34,-21.7959265510673,1.7481151926341987,rising,9.2894788473692,rising,58.206227311684174,11.470655793569701,rising,10.917447306499898,rising,10.1612884234541,rising,8.634817695175204,rising,5.118192586416299,rising,6.513552286762998,rising,8.238648779604397,rising,16.23058177337026,1.194816,0
DK,SC-C,2.77e-4,12.133333333333333,0,0,0,0,-24.4626590532801,-0.9220285323549007,falling,-3.9635274238513993,falling,35.274572892306516,-0.8646474711181966,falling,-1.3674731882498001,falling,-1.8645969584300985,falling,-2.6512597086996976,falling,-2.2717616722258,falling,-4.057553811997199,falling,-6.8330665450192996,falling,6.425951158725609,0.9387840000000001,1
DK,SC-D,0.00657965,11.9,0,0,0,0,-37.663659907007904,-0.8472675987862033,falling,-5.736452220277002,falling,41.97703784976306,-0.6111493438834046,falling,-1.6292637145557052,falling,-2.4257713485221046,falling,-3.6119140747865046,falling,-2.7395994361219067,falling,-5.814563562426002,falling,-9.939833957238008,falling,12.190059239318277,1.118616,1
DK,SC-E,-0.0023367,11.833333333333334,0,0,0,0,-41.0992356540198,-0.7818517819136019,falling,-7.287761417149504,falling,48.45139439191945,-0.38933848255290116,falling,-1.8583304250734045,falling,-2.916798939852697,falling,-4.452486645112501,falling,-3.1489574795310986,falling,-7.351947094051297,falling,-12.658255442929299,falling,16.23058177337026,1.194816,0
DK,SC-C,-2.1e-4,26.466666666666665,0,0,0,4.3,-22.2309706495574,-1.0330581703751989,falling,-2.6745806033346007,falling,34.67966442090845,-2.0814528223260993,falling,-2.801154695749201,falling,-3.5864452918278005,falling,-3.1681466989867992,falling,-1.5392866702682007,falling,-1.3286130271035006,falling,-4.251415154960998,falling,6.425951158725609,0.9387840000000001,0
DK,SC-D,0.00381242,26.233333333333334,0,0,0,4.3,-34.256250149044796,-1.510175046574993,falling,-4.350717773032194,falling,42.402121777355596,-3.1144031451584944,falling,-4.228501153898499,falling,-5.532767712664896,falling,-4.8833491025439955,falling,-2.252776948525792,falling,-1.9935668289288984,falling,-6.707275860584499,falling,12.190059239318277,1.118616,1
DK,SC-E,-0.0022968,26.5,0,0,0,4.3,-36.663069711096306,-1.9276523132498014,falling,-5.817337796517606,falling,52.109456736831206,-4.018234677636805,falling,-5.477429304779207,falling,-7.235799830897509,falling,-6.384151205656604,falling,-2.8770809420013066,falling,-2.5754014055262076,falling,-8.856153978005107,falling,16.23058177337026,1.194816,0
DK,SC-B,2.62373772,24.6,0,0,0,3.6,-8.35084419158356,-1.1268090996026405,falling,-3.9638189251866,falling,78.05458369979385,0.021763201808690624,rising,-0.8239934309125196,falling,0.08982223015319946,rising,-0.8229374847035009,falling,-2.2309294722072304,falling,-8.616691188111378,falling,-12.875420762416919,falling,0.6616443653851827,0.6096,1
DK,SC-C,0.00164,23.966666666666665,0,0,0,3.6,-41.831166364400005,-2.2599226728952075,falling,-3.57736479900111,falling,33.06991208653736,0.2354826887257957,rising,-1.0551599797632036,falling,1.7158362430419913,rising,0.5984164528228959,rising,-1.0640163549404065,falling,-11.952333777138005,falling,-22.691605022894603,falling,6.425951158725609,0.9387840000000001,1
DK,SC-D,-0.0033218,23.7,0,0,0,3.6,-60.2918360810788,-3.222738242341798,falling,-3.248991670006397,falling,39.56822892673865,0.4170818279013986,rising,-1.2515840255205006,falling,3.0974732162880017,rising,1.8061521405777015,rising,-0.07248104552619594,falling,-14.792332455244903,falling,-31.367780985357797,falling,12.190059239318277,1.118616,0
DK,SC-E,-0.0026077,23.933333333333334,0,0,0,3.6,-68.32962208317281,-4.065201865607605,falling,-2.961665182136116,falling,44.75746869068506,0.5759810746799872,rising,-1.4234550655581018,falling,4.306405567878201,rising,2.862920867363087,rising,0.7951123502111983,rising,-17.277331298588607,falling,-38.95943495251311,falling,16.23058177337026,1.194816,0
DK,SC-A,0.05695771,25.666666666666668,0.5,18.8,18.8,18.8,-6.47284389970287,27.96204409250633,rising,24.92240267519123,rising,67.50648130781012,31.150826939856625,rising,27.52368354436393,rising,24.19283678897193,rising,29.531708371978734,rising,27.20887850215333,rising,14.500389087328028,rising,0.047036399518381344,rising,-2.9958747305924267,0.32308800000000015,1
DK,SC-B,-0.0028946,25.6,0.5,18.8,18.8,18.8,-39.4120582467941,28.166851937736,rising,23.826230868571493,rising,53.045330609719024,30.881908633618195,rising,27.560506001156398,rising,24.381764388542393,rising,28.516585844172198,rising,26.097177106343196,rising,13.995327450469496,rising,-0.2792185186598033,falling,0.6616443653851827,0.6096,0
DK,SC-C,0.00371948,25.7,0.5,18.8,18.8,18.8,-77.6530231878441,28.421072882077894,rising,22.4655904520489,rising,36.256576906436536,30.54810957584189,rising,27.606212452138905,rising,24.616273729340904,rising,27.256549113875906,rising,24.717260344107913,rising,13.368411786524504,rising,-0.684187543662901,falling,6.425951158725609,0.9387840000000001,1
DK,SC-D,-0.0028117,25.8,0.5,18.8,18.8,18.8,-100.158848735205,28.637086430111992,rising,21.309443523511007,rising,26.375948564914623,30.264477875127994,rising,27.645049585208994,rising,24.81553817186702,rising,26.185885933592004,rising,23.544734152087003,rising,12.835716586145992,rising,-1.0282929286896945,falling,12.190059239318277,1.118616,0
DK,SC-A,0.00231175,30.533333333333335,0,0,0.5,0.8,-32.5413738314999,-3.3936640368168938,falling,-18.519464224033193,falling,83.21527113931786,-6.103364190681397,falling,-8.794585860694795,falling,-11.078311626322098,falling,-12.305981057244797,falling,-15.210938295617698,falling,-27.787694954374256,falling,-37.458372343999926,falling,-2.9958747305924267,0.32308800000000015,1
DK,SC-B,-0.0059102,30.466666666666665,0,0,0.5,0.8,-64.6761089284324,-3.093280911812805,falling,-17.715569609777198,falling,58.16952138095911,-5.647853500660297,falling,-8.194615501149698,falling,-10.286555427546695,falling,-11.549659611292,falling,-14.3971162683643,falling,-26.691024949638503,falling,-37.3245599210536,falling,0.6616443653851827,0.6096,0
DK,SC-C,-0.0012983,30.5,0,0,0.5,0.8,-101.91850140537599,-2.720425655132999,falling,-16.717722834138087,falling,15.782571800029961,-5.08244372524149,falling,-7.449892899288088,falling,-9.303775650160787,falling,-10.610863775610085,falling,-13.386946935919596,falling,-25.329766136904198,falling,-36.228254396621296,falling,6.425951158725609,0.9387840000000001,0
DK,SC-D,-0.0027411,30.633333333333333,0,0,0.5,0.8,-123.57583202837701,-2.403607593165006,falling,-15.869844533011005,falling,21.998093252913804,-4.602010565035002,falling,-6.817096211568,falling,-8.468699896673996,falling,-9.813161525430019,falling,-12.528598060768005,falling,-24.173093752213006,falling,-35.2967149175504,falling,12.190059239318277,1.118616,0
DK,SC-E,-0.0030438,30.733333333333334,0,0,0.5,0.8,-134.410696323502,-2.126391788941021,falling,-15.127951019525014,falling,23.311181609731836,-4.181631549853023,falling,-6.263399109812013,falling,-7.738008612371004,falling,-9.115172056521004,falling,-11.777542795010007,falling,-23.161005415607008,falling,-34.48161787336241,falling,16.23058177337026,1.194816,0
DK,SC-B,0.06025967,21.663667246729936,0,5.6,6.8999999999999995,7.699999999999999,-0.6044320361592861,1.7842569787803841,rising,23.037338539307115,rising,68.73615741354143,4.515921040695523,rising,4.301399300462794,rising,5.4670644128143735,rising,11.284141003055215,rising,23.465450430951716,rising,19.584247187796016,rising,16.690986510559416,rising,0.6616443653851827,0.6096,1
DK,SC-C,3.91e-4,21.663667246729936,0,5.6,6.8999999999999995,7.699999999999999,-28.743591285347197,1.8584287257502048,rising,31.3180185781686,rising,56.382352670896594,5.867277312945102,rising,4.7795141145349085,rising,4.492842808330405,rising,12.356897230819701,rising,31.762219329654602,rising,26.627957167270008,rising,21.6695993599921,rising,6.425951158725609,0.9387840000000001,1
DK,SC-D,-0.001887,21.663667246729936,0,5.6,6.8999999999999995,7.699999999999999,-42.6658326017044,1.9214530460644,rising,38.35417793142319,rising,50.27013555455815,7.0155354306292,rising,5.185772055329096,rising,3.665039002077499,rising,13.268426686169299,rising,38.8120495144261,rising,32.61305327303659,rising,25.899966093445208,rising,12.190059239318277,1.118616,0
DK,SC-E,-0.0027442,21.663667246729936,0,5.6,6.8999999999999995,7.699999999999999,-46.732493753517005,1.9765993263392971,rising,44.51081736552089,rising,48.48476814613275,8.0202612836028,rising,5.541247753523997,rising,2.9407106716061975,rising,14.066014959600203,rising,44.98065092610109,rising,37.85001236558229,rising,29.601536985216697,rising,16.23058177337026,1.194816,0
ND,SC-A,7.06e-4,14.976984780635757,0.8,3.8,4.3,5.8,-28.6050995473014,-1.5075402485854,falling,-5.3505740977306004,falling,55.39417280522502,-1.2638201194738024,falling,-2.301289752168202,falling,-3.2553939795906004,falling,-4.127608114253601,falling,-3.7760765049527016,falling,-7.751976433427199,falling,-13.9028811131621,falling,-5.317065828108264,0.42468800000000034,1
ND,SC-B,-0.0013845,14.976984780635757,0.8,3.8,4.3,5.8,-53.2181552759152,-1.7320801151387002,falling,-5.368918381649799,falling,44.546372145949874,-1.5746411386983041,falling,-2.452613792709002,falling,-3.1958672319168002,falling,-4.084474322660803,falling,-3.8641622491727006,falling,-7.9454827783656015,falling,-13.896077490559897,falling,-2.9971237174072143,0.6502400000000002,0
ND,SC-C,-0.0019408,14.976984780635757,0.8,3.8,4.3,5.8,-83.7537634978447,-1.9709523135997102,falling,-5.388433577308405,falling,31.088303604865466,-1.9053017974477058,falling,-2.613596814560907,falling,-3.1325409046041983,falling,-4.038587310327998,falling,-3.957870487704511,falling,-8.151340592129799,falling,-13.8888395941744,falling,0.06626370407614893,0.9337040000000001,0
ND,SC-D,-0.0034407,14.976984780635757,0.8,3.8,4.3,5.8,-112.781259783183,-2.278073711621005,falling,-5.413524543156001,falling,18.294910666859312,-2.330436930125998,falling,-2.820574985514,falling,-3.051121340917007,falling,-3.9795897230429915,falling,-4.078352508674001,falling,-8.416014924113014,falling,-13.879533727393508,falling,2.718994477225549,1.1958320000000002,0
ND,SC-E,-0.0031085,14.976984780635757,0.8,3.8,4.3,5.8,-150.29311702344802,-2.5797351736770224,falling,-5.438169447386997,falling,1.762174781143269,-2.748014104889023,falling,-3.02387354453802,falling,-2.971149236139013,falling,-3.921640981754024,falling,-4.1966926270490035,falling,-8.675983934637998,falling,-13.87039329824401,falling,5.1251139229947915,1.543304,0
ND,SC-A,-8.52e-4,14.762695229462333,0,0,49.5,49.8,-25.470320559460603,-0.27740272171580216,falling,11.941271958997895,rising,58.49721626916616,0.09944501660069704,rising,15.535539685273797,rising,20.108843780241493,rising,16.9628255266667,rising,13.771965806204499,rising,9.014466757162893,rising,4.408250685993497,rising,-5.317065828108264,0.42468800000000034,0
ND,SC-B,-0.0036709,14.762695229462333,0,0,49.5,49.8,-49.7526053608756,0.011046189272605034,rising,11.837696094933207,rising,47.79519747142415,0.5131733707990023,rising,15.476214579726296,rising,19.36166170127401,rising,16.623848132942705,rising,13.5872368968108,rising,9.069087786173206,rising,4.676463632991307,rising,-2.9971237174072143,0.6502400000000002,0
ND,SC-C,-0.0032272,14.762695229462333,0,0,49.5,49.8,-79.9363296177001,0.3179067328773044,rising,11.727509005502597,rising,34.49221601707709,0.9533099178184017,rising,15.413102765313909,rising,18.56678714918081,rising,16.263233884300107,rising,13.390716780434502,rising,9.127195263843703,rising,4.9617965553293,rising,0.06626370407614893,0.9337040000000001,0
ND,SC-D,-0.0032857,14.762695229462333,0,0,49.5,49.8,-108.51140366218901,0.712441717511993,rising,11.585839890520006,rising,21.898220762018983,1.5191997639859949,rising,15.331959003925988,rising,17.544805582203992,rising,15.799586993188,rising,13.138048059378988,rising,9.201904877990998,rising,5.328653169763982,rising,2.718994477225549,1.1958320000000002,0
ND,SC-E,-0.00391,14.762695229462333,0,0,49.5,49.8,-145.578881723664,1.09996274686398,rising,11.446689337582995,rising,5.561337711554206,2.0750293462219815,rising,15.25225779829799,rising,16.540992576417977,rising,15.344182713473998,rising,12.889871226697977,rising,9.275286321220989,rising,5.688987888831008,rising,5.1251139229947915,1.543304,0
ND,SC-A,0.03638657,11.2,0,0,0,0,-8.59527754628814,-0.1531356500641099,falling,0.9863798934602208,rising,85.6394226843105,-0.27345674968712963,falling,0.014825964509119771,rising,0.13204272817200113,rising,0.31188435877014165,rising,0.43813486811315094,rising,2.8170126611574595,rising,3.211542127390061,rising,-5.317065828108264,0.42468800000000034,1
ND,SC-B,-0.003181,11.2,0,0,0,0,-31.4851026195838,-0.3279554770630959,falling,0.4606241478564037,rising,42.74145578875974,-0.5921787443467004,falling,-0.5957726767911993,falling,-0.3782267961647001,falling,-0.12316169807839827,falling,-0.2196491794815998,falling,2.1155732185707024,rising,2.6722389096794004,rising,-2.9971237174072143,0.6502400000000002,0
ND,SC-C,-0.0033376,11.2,0,0,0,0,-60.1874867401112,-0.513934016423903,falling,-0.09869047512649587,falling,49.447392357965384,-0.9312446961123015,falling,-1.245345699451093,falling,-0.9210667156719907,falling,-0.5859766521727963,falling,-0.9194194428803968,falling,1.3693610456059986,rising,2.0985120823275096,rising,0.06626370407614893,0.9337040000000001,0
ND,SC-D,-0.0022514,11.3,0,0,0,0,-86.8579806093606,-0.7530492813161942,falling,-0.8178092761043985,falling,32.51892046082911,-1.3671866340964982,falling,-2.080511014299603,falling,-1.6190037550382925,falling,-1.1810244502940037,falling,-1.819124067250101,falling,0.4099453946514018,rising,1.3608633043038054,rising,2.718994477225549,1.1958320000000002,0
ND,SC-E,-0.0049821,11.5,0,0,0,0,-122.054737698712,-0.9879136081659965,falling,-1.5241437428429947,falling,36.580623449117596,-1.7953784931830086,falling,-2.900828945773,falling,-2.3045330248159956,falling,-1.7654936208929968,falling,-2.7028339427420036,falling,-0.5324139780640138,falling,0.6363282823339915,rising,5.1251139229947915,1.543304,0
ND,SC-A,-0.0031909,0.1,2.5,2.5,2.5,2.5,1.08300469722221,0.8236009347221831,rising,13.76267148287691,rising,85.6394226843105,1.5341300426478002,rising,1.774123087161565,rising,2.8846731301973403,rising,7.9004338381438615,rising,12.250076024764608,rising,14.39293682904121,rising,14.00471739387501,rising,-5.317065828108264,0.42468800000000034,0
ND,SC-C,-0.0026061,0.1,2.5,2.5,2.5,2.5,-45.3015424789961,0.46624735395630523,rising,20.350341495198606,rising,38.660301986880576,1.2539508090325029,rising,2.3155548870769067,rising,3.9331330987360005,rising,12.661960443077596,rising,18.3566999488663,rising,21.16492950093729,rising,19.4176564994237,rising,0.06626370407614893,0.9337040000000001,0
ND,SC-D,-1.19e-4,0.1,2.5,2.5,2.5,2.5,-68.4494071256066,0.28261905319359926,rising,24.787556281346497,rising,32.625191442727235,1.1395718386686013,rising,2.7456898564607,rising,4.699295573098411,rising,15.888918184565,rising,22.47510657640001,rising,25.724302161619107,rising,23.0763309202581,rising,2.718994477225549,1.1958320000000002,0
ND,SC-E,-0.0020699,0.1,2.5,2.5,2.5,2.5,-100.18615951183301,0.10225525555497939,rising,29.14588724907398,rising,28.9148310351481,1.027226272221995,rising,3.168177981943998,rising,5.451837381249987,rising,19.058507788425985,rising,26.520297086110986,rising,30.202619308333,rising,26.669962240277997,rising,5.1251139229947915,1.543304,0
ND,SC-C,-0.0046797,4.75,9.4,10.200000000000001,10.200000000000001,14.3,-13.8476871386361,3.2131706399075988,rising,11.3874769945336,rising,50.04230082936344,3.8488540099627997,rising,4.256845606937901,rising,8.9420369503097,rising,9.667614072461998,rising,10.520714899945997,rising,12.9907591410398,rising,24.043003477482298,rising,0.06626370407614893,0.9337040000000001,0
ND,SC-D,-0.0018564,4.45,9.4,10.200000000000001,10.200000000000001,14.3,-32.77148240188,4.535678428771497,rising,13.4021590397521,rising,35.104847687017006,4.7875086076552975,rising,4.417314842507402,rising,11.5533480502095,rising,12.5159123865226,rising,13.117223989098804,rising,12.982382537049297,rising,27.735975332311803,rising,2.718994477225549,1.1958320000000002,0
ND,SC-E,-0.0025649,4.716666666666667,9.4,10.200000000000001,10.200000000000001,14.3,-60.359259971555105,5.834674968055495,rising,15.381024515277801,rising,35.361269334147046,5.709476012500005,rising,4.574931291666587,rising,14.11823584166659,rising,15.313574286111091,rising,15.667572916666686,rising,12.974154850462995,rising,31.363294354166683,rising,5.1251139229947915,1.543304,0
ND,SC-D,-0.0025123,9.233333333333333,14.2,34,34,34,-17.4154182606068,0.8298050858509001,rising,3.712437142214199,rising,45.83821685872857,4.357860427489303,rising,4.187714833947002,rising,3.7442357108432986,rising,3.3592969435540034,rising,2.745225755275303,rising,2.3958048824174014,rising,2.6491938321288018,rising,2.718994477225549,1.1958320000000002,0
ND,SC-E,-0.0022635,9.3,14.2,34,34,34,-53.487893274795795,-0.8929631388888879,falling,3.607849615740811,rising,38.40965462157348,4.255489838888906,rising,4.154680366898198,rising,3.771040222685208,rising,3.405475323611107,rising,2.215400711574098,rising,2.2720400203704045,rising,2.706589449536999,rising,5.1251139229947915,1.543304,0
ND,SC-C,0.00887973,14.733333333333333,0,0,0,0,1.25234595694446,-0.47885404305553014,falling,-2.83011247638888,falling,71.70396811144448,-0.66615215393515,falling,-0.9830384055555001,falling,-1.5292731398147799,falling,-2.03512035277772,falling,-2.4659166458332695,falling,-3.7522155305555103,falling,-5.81045661805551,falling,0.06626370407614893,0.9337040000000001,1
ND,SC-D,-0.0024622,14.4,0,0,0,0,-24.339013761449397,0.6051243793320005,rising,-1.3278203202619991,falling,40.9497516914144,1.1704103505222037,rising,0.8015749480241006,rising,0.1844975216370024,rising,-0.4433434931376965,falling,-0.7628863050506993,falling,-2.1308033985167967,falling,-4.353207035970097,falling,2.718994477225549,1.1958320000000002,0
ND,SC-E,-0.0024623,13.433333333333334,0,0,0,0,-58.445195961832894,1.7325840183790007,rising,0.33799469166660145,rising,29.623132322520682,3.0991993530092117,rising,2.691600509722207,rising,2.02579652407411,rising,1.2874319069444056,rising,1.1160977027778074,rising,-0.27582009722220135,falling,-2.588460080555599,falling,5.1251139229947915,1.543304,0
ND,SC-D,-0.0022321,29.666666666666668,0,0,0,4.3,-21.507621728167102,-0.8738190054867019,falling,-1.3311276288747038,falling,40.77263338825091,-1.7017205060445022,falling,-2.2021971400238023,falling,-2.5731927015502016,falling,-1.7971324848807022,falling,-0.6699470407820023,falling,-1.647499240017602,falling,-4.590182703620204,falling,2.718994477225549,1.1958320000000002,0
ND,SC-E,-0.0031701,28.633333333333333,0,0,0,4.3,-54.7783996847495,-1.1540008368056007,falling,-2.1938496847222027,falling,33.31705802375518,-2.4474696277777994,falling,-3.164513363194402,falling,-4.0159618597222035,falling,-2.976183825694399,falling,-1.0431062868055037,falling,-2.177178915046298,falling,-7.183236964583301,falling,5.1251139229947915,1.543304,0
ND,SC-C,0.35023207,24.53333333333333,0,0,0,3.6,-7.49825027072618,-1.4358055406234795,falling,-1.79107039507132,falling,71.70396811144448,2.581015385350021,rising,2.7833187347147206,rising,2.749914338758421,rising,1.5521242297197198,rising,-0.014815242833339681,falling,-6.8373172195166685,falling,-10.50738259017064,falling,0.06626370407614893,0.9337040000000001,1
ND,SC-D,-0.0029101,24.3,0,0,0,3.6,-37.923438701988,-2.014381187520293,falling,-4.581273430068997,falling,43.60652623886775,0.37166549423520223,rising,-0.2703528303506957,falling,0.3156717411971002,rising,-0.9564983903743993,falling,-2.5060820930715977,falling,-10.9177749500016,falling,-18.147689617612297,falling,2.718994477225549,1.1958320000000002,0
ND,SC-E,-0.0029393,24.366666666666667,0,0,0,3.6,-76.8081402278051,-2.582671045138895,falling,-7.321872855555597,falling,33.31705802375518,-1.7984070654820954,falling,-3.2697369009260058,falling,-2.075295432407401,falling,-3.4205232749999936,falling,-4.953059754861101,falling,-14.925691209722302,falling,-26.0888103576389,falling,5.1251139229947915,1.543304,0
ND,SC-A,0.1357614,25.5,0.5,18.8,18.8,18.8,3.44054068611113,11.683508891116162,rising,1.52430436527778,rising,72.3517001333705,11.74505959313338,rising,8.61719372182333,rising,5.76942571161986,rising,6.34505238181979,rising,3.4725713086179146,rising,-5.427973100694451,falling,-15.42754924027777,falling,-5.317065828108264,0.42468800000000034,1
ND,SC-B,0.00302488,25.466666666666665,0.5,18.8,18.8,18.8,-20.7643850881398,13.564525558865501,rising,3.6981778765651008,rising,61.68377605816616,14.130212116073803,rising,11.115008705188298,rising,8.174680970989598,rising,8.743734651100102,rising,5.9642416215903005,rising,-4.5182638070218,falling,-16.40729212518723,falling,-2.9971237174072143,0.6502400000000002,1
ND,SC-C,-0.0061062,25.4,0.5,18.8,18.8,18.8,-51.181708445986295,15.249711181870403,rising,6.072577429152304,rising,48.27783963105939,16.351712478643613,rising,13.456362749060808,rising,10.417567223377802,rising,10.979628360839897,rising,8.299058782066503,rising,-2.102098674792792,falling,-14.118115612397396,falling,0.06626370407614893,0.9337040000000001,0
ND,SC-D,-0.0050407,25.333333333333332,0.5,18.8,18.8,18.8,-80.057124191789,17.416378411448107,rising,9.125376853907198,rising,35.551473696738896,19.207927230518905,rising,16.466675091182495,rising,13.301278119305408,rising,13.85434884479119,rising,11.300966559821603,rising,1.0043993523587886,rising,-11.174888667382007,falling,2.718994477225549,1.1958320000000002,0
ND,SC-E,-0.0043682,25.5,0.5,18.8,18.8,18.8,-117.41960454655501,19.544527112499992,rising,12.123904288889008,rising,19.08457322353171,22.013364831249987,rising,19.423470769444975,rising,16.133723043749995,rising,16.677963186805982,rising,14.249507088194974,rising,4.055670747916992,rising,-8.283985756944006,falling,5.1251139229947915,1.543304,0
ND,SC-A,0.00340924,29.566666666666666,0,0,0.5,0.8,-15.8107619707861,-2.0259602812257,falling,-13.55262661656923,falling,85.6394226843105,-3.835980240554001,falling,-5.697922884292799,falling,-7.719952206781549,falling,-9.118769455500559,falling,-11.1444414247652,falling,-19.57207187009166,falling,-26.4556952707861,falling,-5.317065828108264,0.42468800000000034,1
ND,SC-B,0.00468615,29.233333333333334,0,0,0.5,0.8,-41.0930928458563,-1.9317596765184035,falling,-13.364430477733194,falling,73.14045910375998,-3.7256685105539944,falling,-5.5747800760531945,falling,-7.504717442978695,falling,-8.869871850993299,falling,-10.929332638611996,falling,-19.913844379866497,falling,-27.845496611649295,falling,-2.9971237174072143,0.6502400000000002,1
ND,SC-C,-0.0027888,29.366666666666667,0,0,0.5,0.8,-72.3406959044418,-1.8315462672555043,falling,-13.164221819397206,falling,39.47392680805729,-3.608315606298703,falling,-5.443777088564403,falling,-7.275744289997107,falling,-8.605087165347506,falling,-10.700493504406595,falling,-19.769567236797606,falling,-28.0524627809638,falling,0.06626370407614893,0.9337040000000001,0
ND,SC-D,-0.0033704,29.7,0,0,0.5,0.8,-102.28361412262299,-1.7027004553460046,falling,-12.906810687250797,falling,17.35759371002857,-3.457433300827603,falling,-5.275344676078589,falling,-6.981350236163493,falling,-8.264649712374194,falling,-10.406271760428083,falling,-19.58406805285169,falling,-28.318562141510796,falling,2.718994477225549,1.1958320000000002,0
ND,SC-E,-0.00364,30.833333333333332,0,0,0.5,0.8,-140.694619128037,-1.576145235648994,falling,-12.653975753010002,falling,19.473802483206722,-3.309233347454011,falling,-5.109906617592998,falling,-6.692189854399004,falling,-7.930264480787002,falling,-10.117280625232013,falling,-19.40186663217601,falling,-28.579930846760007,falling,5.1251139229947915,1.543304,0
ND,SC-B,0.1244774,21.663667246729936,0,5.6,6.8999999999999995,7.699999999999999,3.26771544356851,1.9694923324573799,rising,18.675852348601712,rising,70.92882467021498,4.28278577445562,rising,5.44270947262593,rising,6.56529020971736,rising,10.22240421489967,rising,18.48914721966511,rising,17.24114979357541,rising,17.31773098754891,rising,-2.9971237174072143,0.6502400000000002,1
ND,SC-C,-0.0020830000000000002,21.663667246729936,0,5.6,6.8999999999999995,7.699999999999999,-22.5090669443508,1.9100888471147996,rising,22.1241500668957,rising,59.568130570920744,4.548836944304199,rising,4.892458872771801,rising,5.453667488176599,rising,10.623854926994298,rising,22.1496108166479,rising,20.006803242657497,rising,18.6984167121037,rising,0.06626370407614893,0.9337040000000001,0
ND,SC-D,-0.0024823,21.663667246729936,0,5.6,6.8999999999999995,7.699999999999999,-44.987593398585204,2.1019554209524998,rising,26.98815517779269,rising,49.66108868313516,5.321382207199896,rising,4.615473288906891,rising,4.4549177478575,rising,11.57048531563489,rising,27.286400628716294,rising,23.993122864567795,rising,20.904063545335987,rising,2.718994477225549,1.1958320000000002,0
ND,SC-E,-0.0035649,21.663667246729936,0,5.6,6.8999999999999995,7.699999999999999,-76.06690693807761,2.2904110334774828,rising,31.765689086718396,rising,35.963390940079975,6.080193332088584,rising,4.343411893199701,rising,3.4739235584774946,rising,12.500286719588587,rising,32.331869733014386,rising,27.90857458208839,rising,23.07049887931079,rising,5.1251139229947915,1.543304,0
QB,SC-A,2.02808898,14.976984780635757,0.8,3.8,4.3,5.8,-0.682358826852916,-0.517020644463672,falling,-2.358936711702766,falling,63.84528624196048,-0.7073715929419103,falling,-1.2557727819900801,falling,-1.7913215144115062,falling,-1.793020491714206,falling,-1.606467662860511,falling,-2.613189258242286,falling,-6.209931504249355,falling,-6.395081663592008,0.24079200000000028,1
QB,SC-B,0.0044823,14.976984780635757,0.8,3.8,4.3,5.8,-22.9539814938354,-0.7069029918763015,falling,-2.697749972448399,falling,48.903131392045204,-0.8882633350910005,falling,-1.459373277465101,falling,-2.0398412554495984,falling,-2.1061934762906986,falling,-1.6814922562172008,falling,-2.748010418903199,falling,-6.965370533043201,falling,-1.5178183847664206,0.4693920000000003,1
QB,SC-C,0.00399967,14.976984780635757,0.8,3.8,4.3,5.8,-46.4055790052833,-0.9094441624495957,falling,-3.1138254296665053,falling,33.169324891568095,-1.0818563330726008,falling,-1.691959087004399,falling,-2.3369716703201036,falling,-2.474817545970197,falling,-1.7825586514232015,falling,-2.941347699984398,falling,-8.070428757132198,falling,-0.329292469738713,0.7101840000000004,1
QB,SC-D,0.00241895,14.976984780635757,0.8,3.8,4.3,5.8,-54.007576516731305,-1.111985333023,falling,-3.5299008868848105,falling,28.069102708245836,-1.275449331054304,falling,-1.9245448965438001,falling,-2.634102085190605,falling,-2.8434416156498017,falling,-1.8836250466294047,falling,-3.1346849810657034,falling,-9.175486981221304,falling,7.797058671170745,0.7924800000000002,1
QB,SC-E,-0.0016214,14.976984780635757,0.8,3.8,4.3,5.8,-89.3071488726447,-1.3271853267572027,falling,-3.971981060179104,falling,4.386424343737172,-1.4811418914097914,falling,-2.1716673191793063,falling,-2.9498031509905047,falling,-3.235104689684192,falling,-1.9910080915358037,falling,-3.3401058422144985,falling,-10.349611344315804,falling,14.145476644255927,1.1521440000000005,0
QB,SC-A,0.14585228,14.762695229462333,0,0,49.5,49.8,0.680162653522892,-0.18933835685101597,falling,5.939789730119622,rising,66.48085047566799,0.6798968855624641,rising,7.108128734663642,rising,8.280083174962783,rising,7.431447540103362,rising,6.605127500420932,rising,4.681162246042112,rising,1.9504214433290719,rising,-6.395081663592008,0.24079200000000028,1
QB,SC-B,-0.0041387,14.762695229462333,0,0,49.5,49.8,-19.8777517851038,-0.4350446360915008,falling,8.2203669163166,rising,52.688431956084294,-0.15147114641320059,falling,9.079704932302,rising,10.7795255685033,rising,9.8358791832805,rising,8.9118705811258,rising,6.926727813713999,rising,3.7855995331761996,rising,-1.5178183847664206,0.4693920000000003,0
QB,SC-C,-0.0044481,14.762695229462333,0,0,49.5,49.8,-41.4480741150193,-0.7197079434005005,falling,10.706302319546296,rising,38.21678338177539,-0.9849717317144027,falling,11.236039281069203,rising,13.498917192899498,rising,12.453926007289098,rising,11.425716271830595,rising,9.375317490516892,rising,5.796442566966199,rising,-0.329292469738713,0.7101840000000004,0
QB,SC-D,-0.0024571,14.762695229462333,0,0,49.5,49.8,-47.1687964449348,-1.0043712507094966,falling,13.192237722776007,rising,34.378719124621426,-1.8184723170155976,falling,13.3923736298364,rising,16.218308817295608,rising,15.0719728312978,rising,13.9395619625354,rising,11.823907167319803,rising,7.807285600756202,rising,7.797058671170745,0.7924800000000002,0
QB,SC-E,-0.0055972,14.762695229462333,0,0,49.5,49.8,-80.46951392047,-1.3068260147253028,falling,15.833544088707598,rising,12.037083556666506,-2.7040666888981093,falling,15.68347887540159,rising,19.10766241821659,rising,17.853647581806896,rising,16.610523008909198,rising,14.42553369892299,rising,9.943806324158004,rising,14.145476644255927,1.1521440000000005,0
QB,SC-B,0.02889153,8.3,0,0,0,0,-15.763738223823301,-0.31320274181200247,falling,-1.523564464561101,falling,49.212529533198854,-0.6169549536168031,falling,-1.0038904011774026,falling,-1.1247198025893006,falling,-1.401964018712901,falling,-1.521472597496901,falling,-1.2345370868188024,falling,-2.351506525167501,falling,-1.5178183847664206,0.4693920000000003,1
QB,SC-C,-0.004881,8.1,0,0,0,0,-36.8039484284211,-0.4273278552564008,falling,-1.917509705111705,falling,43.12899437713275,-0.8830943703796024,falling,-1.2495329632414993,falling,-1.3944256526916021,falling,-1.770229033488505,falling,-2.000125499952098,falling,-1.4629842782113016,falling,-2.9895261787428,falling,-0.329292469738713,0.7101840000000004,0
QB,SC-D,-0.0030078,8,0,0,0,0,-41.994558633018904,-0.5414529687008027,falling,-2.3114549456624047,falling,29.236868715181167,-1.1492337871423004,falling,-1.4951755253057044,falling,-1.6641315027940067,falling,-2.1384940482641994,falling,-2.4787784024073005,falling,-1.6914314696039057,falling,-3.627545832318205,falling,7.797058671170745,0.7924800000000002,0
QB,SC-E,-0.002367,7.8,0,0,0,0,-74.732031975404,-0.6627109017353945,falling,-2.7300217637473025,falling,13.304382656644211,-1.4320069174526964,falling,-1.7561707474987998,falling,-1.9506939685276024,falling,-2.5297756264632056,falling,-2.9873471112659047,falling,-1.9341566104584018,falling,-4.305441714241994,falling,14.145476644255927,1.1521440000000005,0
QB,SC-C,0.01132454,1.5,2.5,2.5,2.5,2.5,-28.774327470312898,-0.0995246551476967,falling,18.372053010129306,rising,32.11569759868635,-0.3168886955138994,falling,-0.4746994100987969,falling,-0.6116889756262012,falling,9.469215078183005,rising,16.066384979348904,rising,18.914293940917403,rising,17.6101045531366,rising,-0.329292469738713,0.7101840000000004,1
QB,SC-D,-3.95e-4,0.3,2.5,2.5,2.5,2.5,-32.7558239901727,-0.23309229406149967,falling,20.010227495622296,rising,24.536241412917054,-0.5900356249896959,falling,-0.8494689119387004,falling,-1.6759457674789004,falling,9.877042734237001,rising,17.477322040812496,rising,20.656180591367196,rising,19.002719415667393,rising,7.797058671170745,0.7924800000000002,0
QB,SC-E,-0.0017667,0.15000000000000002,2.5,2.5,2.5,2.5,-64.2086140425237,-0.37500791040740467,falling,21.750787886458596,rising,17.513972481598042,-0.8802542375577147,falling,-1.2476615076435067,falling,-2.8067186088225,falling,10.310359618794493,rising,18.976442668617693,rising,22.506935157470195,rising,20.482372707106492,rising,14.145476644255927,1.1521440000000005,0
QB,SC-C,-0.0019738,0.3333333333333333,9.4,10.200000000000001,10.200000000000001,14.3,-14.8211620526804,2.743796287125001,rising,6.7968143969129,rising,53.260885119697306,2.932258961175201,rising,2.6138762495198016,rising,6.5000010397492005,rising,6.835435267498099,rising,6.7003527689597995,rising,5.9387625973607,rising,12.013300554936599,rising,-0.329292469738713,0.7101840000000004,0
QB,SC-D,-0.0012901,0.9166666666666666,9.4,10.200000000000001,10.200000000000001,14.3,-16.259240239603102,3.8690447015238973,rising,9.0040760619971,rising,38.67256014976257,3.9902558221176,rising,3.0727817699446973,rising,8.851867042814998,rising,9.351957221003097,rising,9.065458524144297,rising,7.487820627123398,rising,14.799079527270298,rising,7.797058671170745,0.7924800000000002,0
QB,SC-E,-0.0047269,1.1333333333333333,9.4,10.200000000000001,10.200000000000001,14.3,-45.0096483132084,5.064621141822691,rising,11.349291581148996,rising,29.588392679099396,5.1143774868688965,rising,3.560368885396194,rising,11.350724671072506,rising,12.025761796602303,rising,11.578383389027998,rising,9.1336947837464,rising,17.758969685374893,rising,14.145476644255927,1.1521440000000005,0
QB,SC-D,-2.8e-4,9.966666666666667,14.2,34,34,34,-1.22174680781942,2.24406923888188,rising,5.455436388005411,rising,70.56106477904146,5.89704156296591,rising,5.8296320545031,rising,5.513941170077201,rising,5.1348194117526305,rising,4.64435241646787,rising,4.16836944451071,rising,4.5225342523147605,rising,7.797058671170745,0.7924800000000002,0
QB,SC-E,-0.0016171,11.166666666666666,14.2,34,34,34,-29.744637762264098,2.190096732425701,rising,6.747061455848403,rising,31.39002783051993,7.512421540338906,rising,7.421009117725504,rising,7.025675807391302,rising,6.641578725650405,rising,5.789985735857897,rising,5.126462793334504,rising,5.545747457628799,rising,14.145476644255927,1.1521440000000005,0
QB,SC-C,0.20393472,10.1,0,0,0,0,-6.3361616671131,-0.30276179091719957,falling,-1.64903083566821,falling,70.13595990376588,-0.31181152822971914,falling,-0.42573450799472923,falling,-0.7475055462243594,falling,-1.0281665840060494,falling,-1.3369527878474097,falling,-2.0950409441141495,falling,-3.8585463480336997,falling,-0.329292469738713,0.7101840000000004,1
QB,SC-D,0.01292819,10.7,0,0,0,0,-9.8658172606503,-0.4004135550423289,falling,-2.2535903498100396,falling,70.56106477904146,-0.44143593763594957,falling,-0.6960468859114197,falling,-1.0999843868996386,falling,-1.4277957632172296,falling,-1.6619177882746694,falling,-2.6855875225972285,falling,-4.803005981888819,falling,7.797058671170745,0.7924800000000002,1
QB,SC-E,-0.0020293,10.966666666666667,0,0,0,0,-40.8385263287836,-0.5041685544253056,falling,-2.895934833585798,falling,23.282669649127367,-0.5791618726301024,falling,-0.9832537874479002,falling,-1.4744931551172016,falling,-1.8524017661291978,falling,-2.007193101228701,falling,-3.313043262235503,falling,-5.806494342859899,falling,14.145476644255927,1.1521440000000005,0
QB,SC-C,0.15927459,24.866666666666667,0,0,0,4.3,-5.3455025896269,-0.53645270539233,falling,-0.8456224432470503,falling,70.13595990376588,-0.9699335777354801,falling,-1.2236840036447498,falling,-1.0396917727326302,falling,1.86618835422348,rising,-0.8623943423884795,falling,-1.2839004679409598,falling,-3.3252930448626,falling,-0.329292469738713,0.7101840000000004,1
QB,SC-D,0.02745559,24.433333333333334,0,0,0,4.3,-8.63954375711854,-0.7659106367983304,falling,-1.35196783006307,falling,70.56106477904146,-1.4197451469836109,falling,-1.7870420451694295,falling,-1.9927282930107308,falling,-0.1618683401018295,falling,-1.11524504266215,falling,-1.5389017214542795,falling,-4.51419783870813,falling,7.797058671170745,0.7924800000000002,1
QB,SC-E,-0.0019407,24.066666666666666,0,0,0,4.3,-39.3619124975784,-1.009709688917198,falling,-1.8899598035551008,falling,27.059174101143526,-1.8976699393098002,falling,-2.385609964289401,falling,-3.0053295958062023,falling,-2.3166785778225005,falling,-1.3838989117029072,falling,-1.809840553312199,falling,-5.777409182169002,falling,14.145476644255927,1.1521440000000005,0
QB,SC-C,3.17710552,24.325000000000003,0,0,0,3.6,-13.6045736879665,-1.0739129142351,falling,-1.9425533863281004,falling,70.13595990376588,-0.30284401961720064,falling,-0.8606816069118004,falling,-0.06622022180530074,falling,-0.4029310080377009,falling,-1.0489810297575008,falling,-4.656142159577939,falling,-7.503720280231129,falling,-0.329292469738713,0.7101840000000004,1
QB,SC-D,0.02757769,23.833333333333332,0,0,0,3.6,-18.7954489871935,-1.5341367645204969,falling,-2.223679051766201,falling,59.92008429259744,-0.46994681555780105,falling,-1.4041700283876999,falling,-0.30979684267919794,falling,-0.5576176013214003,falling,-1.1667002862103004,falling,-5.6579714137682,falling,-10.412835812273109,falling,7.797058671170745,0.7924800000000002,1
QB,SC-E,-0.0036264,23.633333333333333,0,0,0,3.6,-51.5332039926221,-2.0231246054486007,falling,-2.5223750712940998,falling,23.663784777312525,-0.6474935362445038,falling,-1.981626476205797,falling,-0.5685970023574924,falling,-0.7219721066852927,falling,-1.2917769961912953,falling,-6.7224149963453,falling,-13.503771065067596,falling,14.145476644255927,1.1521440000000005,0
QB,SC-B,0.03579793,25.633333333333333,0.5,18.8,18.8,18.8,-13.7166045912616,17.0729238817888,rising,12.796339387290999,rising,57.93447559796372,19.1790606012287,rising,16.9101683260306,rising,14.063312510472702,rising,17.0431259532065,rising,14.907975236698402,rising,4.730700018190301,rising,-5.6887252789660305,falling,-1.5178183847664206,0.4693920000000003,1
QB,SC-C,-0.0046383,25.6,0.5,18.8,18.8,18.8,-33.005986535209395,19.867158632541205,rising,16.050856972402308,rising,44.99312254635517,22.690012057638903,rising,20.229185111589402,rising,16.974115633688704,rising,20.245136270051503,rising,18.115518433497307,rising,8.059963415928905,rising,-2.5283973533677937,falling,-0.329292469738713,0.7101840000000004,0
QB,SC-D,-0.0039432,25.6,0.5,18.8,18.8,18.8,-36.445768479157195,22.6613933832935,rising,19.30537455751361,rising,42.68535381190155,26.2009635140492,rising,23.54820189714821,rising,19.88491875690481,rising,23.4471465868965,rising,21.323061630296102,rising,11.389226813667506,rising,0.6319305722304094,rising,7.797058671170745,0.7924800000000002,0
QB,SC-E,-0.0055552,25.8,0.5,18.8,18.8,18.8,-67.3229867946018,25.630267805967804,rising,22.763299491694298,rising,21.969657236815692,29.931349436484993,rising,27.074657231804295,rising,22.9776470753217,rising,26.849282548544195,rising,24.731076276894896,rising,14.92656917376469,rising,3.9897789931783905,rising,14.145476644255927,1.1521440000000005,0
QB,SC-A,0.06309113,27.599999999999998,0,0,0.5,0.8,-19.4049423128447,-1.6055438832276998,falling,-11.39056824884614,falling,66.59709859885933,-3.1441628150189977,falling,-4.4406471863599,falling,-6.8436828604471,falling,-8.359110623427,falling,-9.72437287475923,falling,-17.92227255689775,falling,-25.40217180590027,falling,-6.395081663592008,0.24079200000000028,1
QB,SC-B,-0.0017472,27.5,0,0,0.5,0.8,-40.9489005400464,-1.6689290041828997,falling,-11.996546552714399,falling,35.66717216513994,-3.3417115228620986,falling,-4.801501554659808,falling,-7.029147287424706,falling,-8.5489733690518,falling,-10.108413630812802,falling,-18.698111383743104,falling,-26.184393920598204,falling,-1.5178183847664206,0.4693920000000003,0
QB,SC-C,-0.0021496,27.433333333333334,0,0,0.5,0.8,-63.624322649061504,-1.7365397998684102,falling,-12.6429234101739,falling,13.965579131642986,-3.552430144561505,falling,-5.186412880846305,falling,-7.226976009534106,falling,-8.751493631051495,falling,-10.518057103936606,falling,-19.5256727990447,falling,-27.534887009420807,falling,-0.329292469738713,0.7101840000000004,0
QB,SC-D,-0.0024463,27.3,0,0,0.5,0.8,-70.4501447580766,-1.8041505955538923,falling,-13.289300267633408,falling,19.904487770759417,-3.763148766260798,falling,-5.571324207032802,falling,-7.424804731643505,falling,-8.954013893051204,falling,-10.927700577060406,falling,-20.3532342143464,falling,-28.88538009824341,falling,7.797058671170745,0.7924800000000002,0
QB,SC-E,-0.0018076,27.1,0,0,0.5,0.8,-104.925030748905,-1.8759870659700084,falling,-13.976075678683998,falling,15.036724148394793,-3.9870373018160024,falling,-5.9802924911058,falling,-7.634997748884601,falling,-9.169191671425807,falling,-11.3629467672543,falling,-21.232518218104303,falling,-30.3202790051172,falling,14.145476644255927,1.1521440000000005,0
QB,SC-B,0.13338046,21.663667246729936,0,5.6,6.8999999999999995,7.699999999999999,-12.0559770868447,0.03485352459759916,rising,13.1753465328435,rising,57.70189420513984,0.6652172844916997,rising,0.22189714711070074,rising,-0.2593246895508017,falling,1.887614900153899,rising,12.909166607538799,rising,9.5696015498252,rising,6.310061967677699,rising,-1.5178183847664206,0.4693920000000003,1
QB,SC-C,-0.0012776,21.663667246729936,0,5.6,6.8999999999999995,7.699999999999999,-32.3232814769896,-0.1356895319147,falling,14.218446446592303,rising,44.10444757468543,0.5691612372224029,rising,-0.16777943029430276,falling,-0.9284336861895994,falling,0.7697970083283039,rising,13.769483244339199,rising,10.390274356276997,rising,6.568141138633003,rising,-0.329292469738713,0.7101840000000004,0
QB,SC-D,-0.0016806,21.663667246729936,0,5.6,6.8999999999999995,7.699999999999999,-36.7409858671345,-0.30623258842700096,falling,15.2615463603412,rising,41.14058526138596,0.473105189953003,rising,-0.5574560076993009,falling,-1.5975426828283972,falling,-0.3480208834973979,falling,14.629799881139697,rising,11.2109471627288,rising,6.8262203095884,rising,7.797058671170745,0.7924800000000002,0
QB,SC-E,-0.002056,21.663667246729936,0,5.6,6.8999999999999995,7.699999999999999,-68.65724678166349,-0.4874345859712861,falling,16.36984001869932,rising,19.727789258776404,0.37104563972921767,rising,-0.9714873711920831,falling,-2.30847099175719,falling,-1.5357023935621896,falling,15.54388630774011,rising,12.082912019583816,rising,7.1004294287283045,rising,14.145476644255927,1.1521440000000005,0
TB,SC-A,-9.94e-4,14.976984780635757,0.8,3.8,4.3,5.8,-54.237809980528894,-1.3685468417528952,falling,-0.7609141730237923,falling,52.531103231269924,-1.6490701011388964,falling,-1.6837008814383978,falling,-1.7393265974105958,falling,-0.5280043787486903,falling,-0.29075431438849364,falling,-1.4359793149492006,falling,-14.00529605838959,falling,-4.26073610392988,0.6187440000000001,0
TB,SC-C,-0.0029124,14.976984780635757,0.8,3.8,4.3,5.8,-78.360551385903,-1.4996545181326866,falling,-0.9227017559584993,falling,43.86261171765779,-1.9142183591768003,falling,-1.9974442154780832,falling,-2.0973629916746006,falling,-0.5926703660033894,falling,-0.24810837358359095,falling,-1.7891339032676967,falling,-12.559898628250693,falling,-0.14442706705694394,0.8382000000000001,0
TB,SC-E,-0.0115096,14.976984780635757,0.8,3.8,4.3,5.8,-111.687582454469,-1.6711030180139943,falling,-1.134270133642005,falling,31.886564669895954,-2.2609506966109905,falling,-2.4077239599909888,falling,-2.5655644303269867,falling,-0.677233580105991,falling,-0.1923406048389893,falling,-2.250951441837998,falling,-10.669763527300006,falling,5.240330827021006,1.143,0
TB,SC-A,-0.0028386,14.762695229462333,0,0,49.5,49.8,-43.2568551292369,-0.06675781552199567,falling,23.091135843902407,rising,58.19854328633842,6.332260768132208,rising,23.11670004698051,rising,24.663146666595196,rising,24.295075345875304,rising,24.075423649879497,rising,20.2326333059588,rising,12.911799276882107,rising,-4.26073610392988,0.6187440000000001,0
TB,SC-C,-0.0040873,14.762695229462333,0,0,49.5,49.8,-65.8243507698976,-0.07598407351530057,falling,23.396935313756188,rising,50.088928331838915,7.026435293845992,rising,23.345709167931304,rising,24.57120685262109,rising,24.345021522921698,rising,24.30377576504499,rising,20.68786398985179,rising,14.157603445327297,rising,-0.14442706705694394,0.8382000000000001,0
TB,SC-E,-0.0014247,14.762695229462333,0,0,49.5,49.8,-97.1175989153769,-0.08804918012189944,falling,23.79682692818011,rising,38.843719861378204,7.934201981318083,rising,23.6451826337901,rising,24.450977865117096,rising,24.41033575444409,rising,24.602390069492102,rising,21.283165653404083,rising,15.786731973294096,rising,5.240330827021006,1.143,0
TB,SC-A,-0.0025257,14.8,0,0,0,0,-23.6126133280039,-0.3723005345402015,falling,-0.6845602456350015,falling,65.89980939516269,-0.7637573031078979,falling,-1.3610903143519977,falling,-1.1455714789446994,falling,-1.0406010546487003,falling,-0.9221814317543995,falling,0.3527659094898006,rising,0.7249412238962023,rising,-4.26073610392988,0.6187440000000001,0
TB,SC-C,-0.0042023,14.7,0,0,0,0,-47.047968987941104,-0.5436311892267014,falling,-1.3450931767462038,falling,48.79491139245735,-1.0968709622758084,falling,-1.9136827784590054,falling,-1.6869826372513046,falling,-1.5862886063154988,falling,-1.5658706682150054,falling,-0.3824167248166077,falling,-0.3295438724827022,falling,-0.14442706705694394,0.8382000000000001,0
TB,SC-E,-0.0021061,14.8,0,0,0,0,-79.476111004782,-0.767678968431909,falling,-2.208867009737702,falling,37.57454300753127,-1.5324811319568994,falling,-2.6363036930603982,falling,-2.3949818442676047,falling,-2.2998800200334983,falling,-2.407618131278795,falling,-1.3438094004478955,falling,-1.7084859215935069,falling,5.240330827021006,1.143,0
TB,SC-A,-0.0025606,0.4,2.5,2.5,2.5,2.5,-13.846513792481598,1.0615251012749027,rising,17.790521244619402,rising,76.93943558443782,1.4722176517867016,rising,0.9579661127100021,rising,1.0310229709117031,rising,8.452692363931703,rising,15.470131152121699,rising,19.248685815969996,rising,18.038171808624902,rising,-4.26073610392988,0.6187440000000001,0
TB,SC-C,0.0069552,0.3,2.5,2.5,2.5,2.5,-35.7903574858102,0.7454365722307017,rising,18.5682691845601,rising,50.16525306702526,0.9860913514400025,rising,0.2571151986938034,rising,-0.4922689553121984,falling,8.577097832512202,rising,16.064849611159303,rising,20.269037710539408,rising,18.8124242185389,rising,-0.14442706705694394,0.8382000000000001,1
TB,SC-E,-0.0055204,0,2.5,2.5,2.5,2.5,-66.268060777086,0.3320900342497879,rising,19.58532418294419,rising,42.79629935196025,0.35038772790979067,rising,-0.6593821504041983,falling,-2.4842660896048088,falling,8.739781906809796,rising,16.8425583652854,rising,21.603344034207197,rising,19.824908139195685,rising,5.240330827021006,1.143,0
TB,SC-B,9.26e-4,0.45,2.5,2.5,2.5,2.5,-21.1609937067463,0.9319288043668017,rising,18.109397899995198,rising,65.89165663925185,1.2729058686445995,rising,0.6706172379634019,rising,0.4064732811599008,rising,8.5036986060497,rising,15.7139657203271,rising,19.6670300927435,rising,18.355615296689596,rising,-2.036034231315134,0.6918960000000002,1
TB,SC-D,0.00634463,0.1,2.5,2.5,2.5,2.5,-53.4678117822179,0.5752350565915023,rising,18.9870565368359,rising,50.89106088703222,0.7243310358687935,rising,-0.1202660626995069,falling,-1.312503069432701,falling,8.644085392517098,rising,16.385082627564096,rising,20.818457961461398,rising,19.229329362338696,rising,2.179673920963389,1.014984,1
TB,SC-C,5.36e-4,8.083333333333334,9.4,10.200000000000001,10.200000000000001,14.3,-7.55878595542407,3.0725806318627304,rising,11.981919140577432,rising,73.407322645481,3.80346024900643,rising,4.33772114201843,rising,9.678769338062928,rising,10.23219349194423,rising,10.723481515073328,rising,12.696919925025032,rising,22.026064936145527,rising,-0.14442706705694394,0.8382000000000001,1
TB,SC-E,-6.58e-4,8.75,9.4,10.200000000000001,10.200000000000001,14.3,-38.055967660449205,4.5509639587254895,rising,12.9223560161184,rising,51.646577741724315,4.960464223168195,rising,3.6144017747725954,rising,11.247939194756192,rising,11.747735151262589,rising,11.601825710488392,rising,10.51111602347099,rising,22.118139431532192,rising,5.240330827021006,1.143,0
TB,SC-D,-0.0019498,8.483333333333334,9.4,10.200000000000001,10.200000000000001,14.3,-25.244260775140297,3.6813267076298004,rising,12.3691578540355,rising,58.99149384763759,4.279873650131904,rising,4.039883755505503,rising,10.324898102583703,rising,10.856240057545904,rising,11.085152654361899,rising,11.796883024385103,rising,22.0639779636577,rising,2.179673920963389,1.014984,0
TB,SC-E,-0.0011256,9.066666666666666,14.2,34,34,34,-30.162528599702,1.3930921177499975,rising,7.143274743706499,rising,62.77158949493459,8.169088124238698,rising,7.970775879677596,rising,7.523192766339804,rising,6.871721051195898,rising,4.946031959130799,rising,5.483347720710498,rising,5.649250500843401,rising,5.240330827021006,1.143,0
TB,SC-D,0.01243856,8.666666666666666,14.2,34,34,34,-17.416766635777,1.901222095876097,rising,5.618507692397998,rising,73.9936409899248,6.355071938646898,rising,6.1749517433762975,rising,5.704239485575197,rising,5.211911518612698,rising,4.196560600302298,rising,4.179206269453598,rising,4.3384449324254,rising,2.179673920963389,1.014984,1
TB,SC-C,0.02237982,17.433333333333334,0,0,0,0,-7.78893572089427,-0.5017000669527301,falling,-2.485917940358,falling,73.407322645481,-0.5191124030268597,falling,-0.6601186275700899,falling,-1.0807836136691202,falling,-1.6272790335483895,falling,-1.9594675111199598,falling,-3.03137035907873,falling,-5.31889234124061,falling,-0.14442706705694394,0.8382000000000001,1
TB,SC-E,-0.0059758,18.5,0,0,0,0,-42.5330184934257,-0.5155284601961014,falling,-3.5645798059344003,falling,56.65651680939523,-0.5995916591160011,falling,-1.0242288927951009,falling,-1.6291351658117037,falling,-2.2719967480025005,falling,-2.3524654950267987,falling,-3.9137346400618966,falling,-6.834952649482403,falling,5.240330827021006,1.143,0
TB,SC-D,0.0022339,17.933333333333334,0,0,0,0,-27.2231345095837,-0.5073941112294023,falling,-2.9300728261836007,falling,68.10902152975405,-0.5522509202400983,falling,-0.8100463838392002,falling,-1.306575429257201,falling,-1.8927510336176994,falling,-2.1212902103757045,falling,-3.394696827718903,falling,-5.943152468163699,falling,2.179673920963389,1.014984,1
TB,SC-C,0.09759716,35.166666666666664,0,0,0,4.3,-7.85004925331436,-0.89773636673858,falling,-1.8998819925559802,falling,65.1315337088748,-1.5355993129813,falling,-2.1718179380252502,falling,-2.5722820346308906,falling,-2.1197187505205397,falling,-1.3309411556799402,falling,-2.39846088225461,falling,-4.62857556103788,falling,-0.14442706705694394,0.8382000000000001,1
TB,SC-E,-0.0065723,35.93333333333334,0,0,0,4.3,-42.0377266377157,-1.2295197382904988,falling,-3.522198486137704,falling,53.74633161567459,-2.1324623218485,falling,-3.3459285905680005,falling,-4.306406974658799,falling,-3.7980713513617985,falling,-2.4682615185255017,falling,-4.418979083120398,falling,-6.305029432540401,falling,5.240330827021006,1.143,0
TB,SC-D,0.03902777,35.166666666666664,0,0,0,4.3,-27.055139941009,-1.0343530491423003,falling,-2.567894666383701,falling,66.03850727524951,-1.781366434279498,falling,-2.655275265542798,falling,-3.2863334805246964,falling,-2.8108051155727978,falling,-1.7992495403809983,falling,-3.2304389649640015,falling,-5.318880096362399,falling,2.179673920963389,1.014984,1
TB,SC-C,0.50130223,24.6,0,0,0,3.6,-23.540295026472798,-1.8706487672765952,falling,-5.9801057034711,falling,69.68142632770154,-0.3359174217490981,falling,-2.664525098745397,falling,-1.7787893815146951,falling,-2.686819151957696,falling,-4.046144805741598,falling,-11.371209799874398,falling,-17.11228683738649,falling,-0.14442706705694394,0.8382000000000001,1
TB,SC-E,3.9e-4,24.6,0,0,0,3.6,-60.677334210185094,-2.5282134876999933,falling,-6.602721016979594,falling,54.593600722707194,-1.1114941164883945,falling,-3.0337580696171926,falling,-1.989355144752892,falling,-2.9493047276746935,falling,-4.379337834628991,falling,-13.460423777883193,falling,-23.253448266087595,falling,5.240330827021006,1.143,1
TB,SC-D,0.01478544,24.633333333333333,0,0,0,3.6,-43.9598288080014,-2.141410710980402,falling,-6.236476714915796,falling,58.37397205243456,-0.6552725313475989,falling,-2.816562204398494,falling,-1.8654929310832955,falling,-2.794901447841198,falling,-4.183341935283501,falling,-12.2314743790545,falling,-19.641000366851696,falling,2.179673920963389,1.014984,1
TB,SC-A,0.01758406,26.1,0.5,18.8,18.8,18.8,-38.2407944460343,18.040515184841,rising,15.505624175277696,rising,61.11355735399855,18.529789563518605,rising,14.970604993686898,rising,15.187441015904,rising,14.988127117697204,rising,15.3073404291276,rising,1.6876196628345,rising,-10.9642904707876,falling,-4.26073610392988,0.6187440000000001,1
TB,SC-C,-0.0100924,26.266666666666666,0.5,18.8,18.8,18.8,-64.9302809980735,14.672738452173505,rising,12.747567382442497,rising,51.52270763293514,15.0302786160413,rising,12.336317668202497,rising,12.518140128330202,rising,12.383829353163605,rising,12.611175965992302,rising,1.5900911167348966,rising,-10.561826748802993,falling,-0.14442706705694394,0.8382000000000001,0
TB,SC-E,-0.0096241,26.466666666666665,0.5,18.8,18.8,18.8,-101.61382495074001,10.26872272483898,rising,9.14087773027299,rising,38.34049985235241,10.453995069339996,rising,8.891480396414977,rising,9.02751589073398,rising,8.978209199542988,rising,9.08542243727699,rising,1.4625537872199885,rising,-10.035528035438503,falling,5.240330827021006,1.143,0
TB,SC-B,-0.0061073,26.166666666666668,0.5,18.8,18.8,18.8,-47.5009879323704,16.659726724447303,rising,14.374820890215197,rising,57.78591281717871,17.0949900750529,rising,13.890547190238301,rising,14.093027651998703,rising,13.9203650342384,rising,14.201912999242104,rising,1.6476329589336984,rising,-10.799280344773898,falling,-2.036034231315134,0.6918960000000002,0
TB,SC-D,-0.0078039,26.366666666666667,0.5,18.8,18.8,18.8,-85.1630814491716,12.8593202115064,rising,11.262459878607999,rising,44.25206388396726,13.145926567399599,rising,10.917855262172395,rising,11.080824265790397,rising,10.9815151722608,rising,11.15939510122709,rising,1.5375757457581045,rising,-10.345115513888402,falling,2.179673920963389,1.014984,0
TB,SC-A,-0.0025262,31,0,0,0.5,0.8,-62.658204257654305,-0.7045530050444029,falling,-9.117422900195102,falling,54.55978521434264,-1.7357728991595067,falling,-3.684933285262403,falling,-4.679221132827308,falling,-5.726545512969004,falling,-7.684151976132206,falling,-9.322850482888803,falling,-27.047916196823806,falling,-4.26073610392988,0.6187440000000001,0
TB,SC-C,0.00346006,30.966666666666665,0,0,0.5,0.8,-84.3096653850809,-0.3594380096986072,falling,-6.6358178304907085,falling,51.26690029559947,-1.154781959816006,falling,-2.5863368386588093,falling,-3.3470508530812992,falling,-4.0891930359586155,falling,-5.544310547891598,falling,-6.887141468152507,falling,-22.299481751151397,falling,-0.14442706705694394,0.8382000000000001,1
TB,SC-E,-1.4e-4,31.1,0,0,0.5,0.8,-114.405022244023,0.09186621498500358,rising,-3.390641970107012,falling,28.733474064582737,-0.3950245775969847,falling,-1.1497107161769975,falling,-1.6049820257210143,falling,-1.948039796791008,falling,-2.746056372500007,falling,-3.701983525804991,falling,-16.08999055296411,falling,5.240330827021006,1.143,0
TB,SC-B,-0.0023038,31.1,0,0,0.5,0.8,-69.8528073198992,-0.5630558569526016,falling,-8.099964821616297,falling,52.874662701058,-1.497566614028699,falling,-3.234508742154901,falling,-4.133031318131501,falling,-5.055230997394801,falling,-6.8068169905535,falling,-8.3242097868469,falling,-25.1010580740981,falling,-2.036034231315134,0.6918960000000002,0
TB,SC-D,-0.0033341,31,0,0,0.5,0.8,-101.829682915234,-0.17360685835899403,falling,-5.299568946803902,falling,44.497894066105935,-0.8419406847850013,falling,-1.994784905872507,falling,-2.62972839475691,falling,-3.207541702184102,falling,-4.392088240377703,falling,-5.575605844833305,falling,-19.742632434251192,falling,2.179673920963389,1.014984,0
TB,SC-C,-0.0032265,21.663667246729936,0,5.6,6.8999999999999995,7.699999999999999,-26.7909195390915,1.9365135057095983,rising,25.966827759038896,rising,63.88135692048585,4.598369440771698,rising,5.265198103856999,rising,5.9933328286722976,rising,11.9403500241547,rising,25.947463047806,rising,23.4475084990115,rising,22.400185718424,rising,-0.14442706705694394,0.8382000000000001,0
TB,SC-E,-0.003117,21.663667246729936,0,5.6,6.8999999999999995,7.699999999999999,-60.153817129574804,1.9226265195134928,rising,27.880909721993092,rising,51.89242126128313,4.74028339561589,rising,4.879048734685995,rising,5.448719820319397,rising,12.428984638177198,rising,28.106237417669306,rising,25.335919013894895,rising,23.991250377523997,rising,5.240330827021006,1.143,0
TB,SC-B,0.42256606,21.663667246729936,0,5.6,6.8999999999999995,7.699999999999999,-10.859823979149901,1.9427789871285999,rising,25.1032390145767,rising,69.60618580055385,4.534341203497899,rising,5.439419613359497,rising,6.239049403617397,rising,11.7198895835928,rising,24.973474846814796,rising,22.595502107884798,rising,21.682334781053598,rising,-2.036034231315134,0.6918960000000002,1
TB,SC-D,-0.0013124,21.663667246729936,0,5.6,6.8999999999999995,7.699999999999999,-45.6563950175258,1.9307953349229976,rising,26.7549791555494,rising,57.10206051561567,4.656804598648698,rising,5.106195422433693,rising,5.7690804134682026,rising,12.1415525122816,rising,26.836370141279097,rising,24.225089299257597,rising,23.055329989818098,rising,2.179673920963389,1.014984,0
